Snapshots/Description,Snapshots/Encrypted,Snapshots/OwnerId,Snapshots/Progress,Snapshots/SnapshotId,Snapshots/StartTime,Snapshots/State,Snapshots/VolumeId,Snapshots/VolumeSize,Snapshots/StorageTier,Snapshots/OwnerAlias,Snapshots/Tags/0/Key,Snapshots/Tags/0/Value,Snapshots/Tags/1/Key,Snapshots/Tags/1/Value,Snapshots/Tags/2/Key,Snapshots/Tags/2/Value,Snapshots/Tags/3/Key,Snapshots/Tags/3/Value,Snapshots/Tags/4/Key,Snapshots/Tags/4/Value,Snapshots/Tags/5/Key,Snapshots/Tags/5/Value,Snapshots/Tags/6/Key,Snapshots/Tags/6/Value,Snapshots/Tags/7/Key,Snapshots/Tags/7/Value,Snapshots/Tags/8/Key,Snapshots/Tags/8/Value
Created for policy: policy-0a56edde1220152f1 schedule: 2 weeks of daily snapshots,false,086685601027,100%,snap-07ba42b609286ccdc,2022-02-14T00:16:03.380Z,completed,vol-02ef90b512129ae64,30,standard,,spotinst:aws:ec2:group:createdBy,spotinst,aws:dlm:lifecycle-policy-id,policy-0a56edde1220152f1,aws:dlm:lifecycle-schedule-name,2 weeks of daily snapshots,dlm:managed,true,Name,sonarqube,SnapshotCreator,DLM,Snapshot,true,MaintainedBY,DevOps,CreatedBy,terraform
Created for policy: policy-0a56edde1220152f1 schedule: 2 weeks of daily snapshots,false,086685601027,100%,snap-0769ca21c5bdfcf2d,2022-02-13T00:17:45.572Z,completed,vol-02ef90b512129ae64,30,standard,,Name,sonarqube,SnapshotCreator,DLM,MaintainedBY,DevOps,Snapshot,true,aws:dlm:lifecycle-schedule-name,2 weeks of daily snapshots,CreatedBy,terraform,aws:dlm:lifecycle-policy-id,policy-0a56edde1220152f1,dlm:managed,true,spotinst:aws:ec2:group:createdBy,spotinst
,false,086685601027,100%,snap-0e0e7fc8486f26a33,2022-01-24T22:57:57.691Z,completed,vol-0b5904e0a9a0a9fa4,300,standard,,CreatedBy,terraform,spotinst:accountId,act-bf1b8e33,Name,jenkins-master-test,Snapshot,true,MaintainedBY,DevOps,spotinst:aws:ec2:group:id,sig-51412910,spotinst:aws:ec2:group:createdBy,spotinst,,,,
Created for policy: policy-0a56edde1220152f1 schedule: 2 weeks of daily snapshots,false,086685601027,100%,snap-09fce8f480a4d8c1c,2022-01-12T00:11:48.276Z,completed,vol-064d6ea3d5622196d,30,standard,,spotinst:aws:ec2:group:createdBy,spotinst,CreatedBy,terraform,SnapshotCreator,DLM,aws:dlm:lifecycle-policy-id,policy-0a56edde1220152f1,dlm:managed,true,Name,jenkins-master-test,aws:dlm:lifecycle-schedule-name,2 weeks of daily snapshots,Snapshot,true,MaintainedBY,DevOps
Created for policy: policy-0a56edde1220152f1 schedule: 2 weeks of daily snapshots,false,086685601027,100%,snap-03f11d125e54e0172,2022-01-11T00:19:33.514Z,completed,vol-064d6ea3d5622196d,30,standard,,Snapshot,true,Name,jenkins-master-test,aws:dlm:lifecycle-schedule-name,2 weeks of daily snapshots,MaintainedBY,DevOps,spotinst:aws:ec2:group:createdBy,spotinst,CreatedBy,terraform,dlm:managed,true,SnapshotCreator,DLM,aws:dlm:lifecycle-policy-id,policy-0a56edde1220152f1
Created for policy: policy-0a56edde1220152f1 schedule: 2 weeks of daily snapshots,false,086685601027,100%,snap-0d402e14ca41ac0af,2022-01-10T00:24:17.665Z,completed,vol-064d6ea3d5622196d,30,standard,,Snapshot,true,MaintainedBY,DevOps,CreatedBy,terraform,aws:dlm:lifecycle-schedule-name,2 weeks of daily snapshots,dlm:managed,true,Name,jenkins-master-test,spotinst:aws:ec2:group:createdBy,spotinst,aws:dlm:lifecycle-policy-id,policy-0a56edde1220152f1,SnapshotCreator,DLM
Created for policy: policy-0a56edde1220152f1 schedule: 2 weeks of daily snapshots,false,086685601027,100%,snap-0b12c6d35bc8e865f,2022-01-09T00:18:39.348Z,completed,vol-064d6ea3d5622196d,30,standard,,Snapshot,true,dlm:managed,true,Name,jenkins-master-test,CreatedBy,terraform,SnapshotCreator,DLM,aws:dlm:lifecycle-policy-id,policy-0a56edde1220152f1,aws:dlm:lifecycle-schedule-name,2 weeks of daily snapshots,spotinst:aws:ec2:group:createdBy,spotinst,MaintainedBY,DevOps
Created for policy: policy-0a56edde1220152f1 schedule: 2 weeks of daily snapshots,false,086685601027,100%,snap-0a160fae91d6a057d,2022-01-08T00:25:17.512Z,completed,vol-064d6ea3d5622196d,30,standard,,spotinst:aws:ec2:group:createdBy,spotinst,CreatedBy,terraform,Name,jenkins-master-test,aws:dlm:lifecycle-policy-id,policy-0a56edde1220152f1,MaintainedBY,DevOps,SnapshotCreator,DLM,Snapshot,true,dlm:managed,true,aws:dlm:lifecycle-schedule-name,2 weeks of daily snapshots
Created for policy: policy-0a56edde1220152f1 schedule: 2 weeks of daily snapshots,false,086685601027,100%,snap-071b88cdc8b0906a7,2021-12-20T00:21:31.790Z,completed,vol-0d5f4f01e14ce6909,30,standard,,MaintainedBY,DevOps,Snapshot,true,CreatedBy,terraform,Name,jenkins-master-test,aws:dlm:lifecycle-schedule-name,2 weeks of daily snapshots,aws:dlm:lifecycle-policy-id,policy-0a56edde1220152f1,spotinst:aws:ec2:group:createdBy,spotinst,SnapshotCreator,DLM,dlm:managed,true
Created for policy: policy-0a56edde1220152f1 schedule: 2 weeks of daily snapshots,false,086685601027,100%,snap-0982e8f4c08c544da,2021-12-19T00:15:36.479Z,completed,vol-0d5f4f01e14ce6909,30,standard,,SnapshotCreator,DLM,spotinst:aws:ec2:group:createdBy,spotinst,aws:dlm:lifecycle-policy-id,policy-0a56edde1220152f1,dlm:managed,true,CreatedBy,terraform,Name,jenkins-master-test,aws:dlm:lifecycle-schedule-name,2 weeks of daily snapshots,Snapshot,true,MaintainedBY,DevOps
created by script,false,086685601027,100%,snap-05e9e05fabf3f4205,2021-12-14T09:33:00.204Z,completed,vol-0df2bdf377263b6dd,8,standard,,Name,sonarqube,,,,,,,,,,,,,,,,
created by script,false,086685601027,100%,snap-051916399d4e2bbc4,2021-12-14T09:30:29.522Z,completed,vol-0df2bdf377263b6dd,8,standard,,Name,sonarqube,,,,,,,,,,,,,,,,
created by script,false,086685601027,100%,snap-0ee78aed9e3829c05,2021-12-14T09:20:17.908Z,completed,vol-0df2bdf377263b6dd,8,standard,,Name,sonarqube,,,,,,,,,,,,,,,,
created by script,false,086685601027,100%,snap-03c31b7948cc163fd,2021-12-09T13:15:40.516Z,completed,vol-0df2bdf377263b6dd,8,standard,,Name,sonarqube,,,,,,,,,,,,,,,,
created by script,false,086685601027,100%,snap-0469525c76ba068aa,2021-12-07T09:50:45.926Z,completed,vol-0df2bdf377263b6dd,8,standard,,Name,sonarqube,,,,,,,,,,,,,,,,
created by script,false,086685601027,100%,snap-06baf4dd721536a09,2021-12-07T09:40:37.147Z,completed,vol-0df2bdf377263b6dd,8,standard,,Name,sonarqube,,,,,,,,,,,,,,,,
created by script,false,086685601027,100%,snap-061f03a2ccdf182d7,2021-12-03T18:26:49.701Z,completed,vol-0b24510098197c84a,300,standard,,Name,jenkins-master-test,,,,,,,,,,,,,,,,
created by script,false,086685601027,100%,snap-0bbc15e1f5af7a405,2021-12-03T14:26:49.759Z,completed,vol-0b24510098197c84a,300,standard,,Name,jenkins-master-test,,,,,,,,,,,,,,,,
Created for policy: policy-0a56edde1220152f1 schedule: 2 weeks of daily snapshots,false,086685601027,100%,snap-03e344787bcdbfa61,2021-12-03T00:15:21.532Z,completed,vol-09e4daf04f0a4cd7a,30,standard,,aws:dlm:lifecycle-policy-id,policy-0a56edde1220152f1,Snapshot,true,Name,jenkins-master-test,MaintainedBY,DevOps,CreatedBy,terraform,aws:dlm:lifecycle-schedule-name,2 weeks of daily snapshots,SnapshotCreator,DLM,spotinst:aws:ec2:group:createdBy,spotinst,dlm:managed,true
Created for policy: policy-0a56edde1220152f1 schedule: 2 weeks of daily snapshots,false,086685601027,100%,snap-02637b4caea0702fa,2021-12-02T00:12:31.764Z,completed,vol-09e4daf04f0a4cd7a,30,standard,,MaintainedBY,DevOps,Name,jenkins-master-test,Snapshot,true,dlm:managed,true,aws:dlm:lifecycle-schedule-name,2 weeks of daily snapshots,spotinst:aws:ec2:group:createdBy,spotinst,CreatedBy,terraform,SnapshotCreator,DLM,aws:dlm:lifecycle-policy-id,policy-0a56edde1220152f1
Created for policy: policy-0a56edde1220152f1 schedule: 2 weeks of daily snapshots,false,086685601027,100%,snap-0ba52193998a826af,2021-12-01T00:24:52.249Z,completed,vol-09e4daf04f0a4cd7a,30,standard,,aws:dlm:lifecycle-policy-id,policy-0a56edde1220152f1,Snapshot,true,dlm:managed,true,Name,jenkins-master-test,aws:dlm:lifecycle-schedule-name,2 weeks of daily snapshots,MaintainedBY,DevOps,CreatedBy,terraform,SnapshotCreator,DLM,spotinst:aws:ec2:group:createdBy,spotinst
Created for policy: policy-0a56edde1220152f1 schedule: 2 weeks of daily snapshots,false,086685601027,100%,snap-0545965a9410c8508,2022-01-22T00:23:50.331Z,completed,vol-0d7896fdc2a37efa1,30,standard,,CreatedBy,terraform,dlm:managed,true,MaintainedBY,DevOps,spotinst:aws:ec2:group:createdBy,spotinst,aws:dlm:lifecycle-schedule-name,2 weeks of daily snapshots,Snapshot,true,SnapshotCreator,DLM,aws:dlm:lifecycle-policy-id,policy-0a56edde1220152f1,Name,jenkins-master-test
Created for policy: policy-0a56edde1220152f1 schedule: 2 weeks of daily snapshots,false,086685601027,100%,snap-03bc526bd9f98efd3,2022-01-21T00:23:29.409Z,completed,vol-0d7896fdc2a37efa1,30,standard,,Snapshot,true,MaintainedBY,DevOps,spotinst:aws:ec2:group:createdBy,spotinst,CreatedBy,terraform,aws:dlm:lifecycle-schedule-name,2 weeks of daily snapshots,dlm:managed,true,SnapshotCreator,DLM,aws:dlm:lifecycle-policy-id,policy-0a56edde1220152f1,Name,jenkins-master-test
Created for policy: policy-0a56edde1220152f1 schedule: 2 weeks of daily snapshots,false,086685601027,100%,snap-0a94bdd1594e0a3b3,2022-01-20T00:17:04.551Z,completed,vol-0d7896fdc2a37efa1,30,standard,,CreatedBy,terraform,aws:dlm:lifecycle-policy-id,policy-0a56edde1220152f1,Name,jenkins-master-test,Snapshot,true,SnapshotCreator,DLM,MaintainedBY,DevOps,dlm:managed,true,aws:dlm:lifecycle-schedule-name,2 weeks of daily snapshots,spotinst:aws:ec2:group:createdBy,spotinst
created by script,false,086685601027,100%,snap-065bf28d3fe8b3f95,2022-01-14T13:54:51.693Z,completed,vol-07bb9369f8d9fc394,300,standard,,Name,jenkins-master-test,,,,,,,,,,,,,,,,
created by script,false,086685601027,100%,snap-0680efb2c62ca04ff,2022-01-14T13:12:29.374Z,completed,vol-0fc0a20f6e18d363f,8,standard,,Name,sonarqube,,,,,,,,,,,,,,,,
created by script,false,086685601027,100%,snap-01c9478b31a443d84,2022-01-12T15:15:00.417Z,completed,vol-07bb9369f8d9fc394,300,standard,,,,,,,,,,,,,,,,,,,
created by script,false,086685601027,100%,snap-026c36fa15c2925c7,2022-01-12T07:14:21.600Z,completed,vol-070483677ba10c81c,300,standard,,Name,jenkins-master-test,,,,,,,,,,,,,,,,
Created for policy: policy-0a56edde1220152f1 schedule: 2 weeks of daily snapshots,false,086685601027,100%,snap-008164d46b7a502eb,2022-01-07T00:14:54.482Z,completed,vol-0427141cbd343368f,30,standard,,Snapshot,true,SnapshotCreator,DLM,MaintainedBY,DevOps,Name,jenkins-master-test,aws:dlm:lifecycle-policy-id,policy-0a56edde1220152f1,CreatedBy,terraform,dlm:managed,true,spotinst:aws:ec2:group:createdBy,spotinst,aws:dlm:lifecycle-schedule-name,2 weeks of daily snapshots
Created for policy: policy-0a56edde1220152f1 schedule: 2 weeks of daily snapshots,false,086685601027,100%,snap-045724d4cdac017ea,2022-01-06T00:18:06.901Z,completed,vol-0427141cbd343368f,30,standard,,aws:dlm:lifecycle-policy-id,policy-0a56edde1220152f1,spotinst:aws:ec2:group:createdBy,spotinst,CreatedBy,terraform,SnapshotCreator,DLM,Name,jenkins-master-test,dlm:managed,true,aws:dlm:lifecycle-schedule-name,2 weeks of daily snapshots,Snapshot,true,MaintainedBY,DevOps
Created for policy: policy-0a56edde1220152f1 schedule: 2 weeks of daily snapshots,false,086685601027,100%,snap-0f256c62f664de021,2022-01-04T00:17:40.151Z,completed,vol-0427141cbd343368f,30,standard,,Snapshot,true,Name,jenkins-master-test,aws:dlm:lifecycle-policy-id,policy-0a56edde1220152f1,SnapshotCreator,DLM,CreatedBy,terraform,aws:dlm:lifecycle-schedule-name,2 weeks of daily snapshots,spotinst:aws:ec2:group:createdBy,spotinst,dlm:managed,true,MaintainedBY,DevOps
Created for policy: policy-0a56edde1220152f1 schedule: 2 weeks of daily snapshots,false,086685601027,100%,snap-0a5fca12c0a0beaee,2022-01-03T00:19:57.073Z,completed,vol-0427141cbd343368f,30,standard,,Snapshot,true,SnapshotCreator,DLM,aws:dlm:lifecycle-schedule-name,2 weeks of daily snapshots,MaintainedBY,DevOps,spotinst:aws:ec2:group:createdBy,spotinst,dlm:managed,true,Name,jenkins-master-test,CreatedBy,terraform,aws:dlm:lifecycle-policy-id,policy-0a56edde1220152f1
Created for policy: policy-0a56edde1220152f1 schedule: 2 weeks of daily snapshots,false,086685601027,100%,snap-086182dd2267ba37b,2021-12-31T00:17:18.981Z,completed,vol-0427141cbd343368f,30,standard,,aws:dlm:lifecycle-policy-id,policy-0a56edde1220152f1,MaintainedBY,DevOps,Snapshot,true,aws:dlm:lifecycle-schedule-name,2 weeks of daily snapshots,Name,jenkins-master-test,CreatedBy,terraform,SnapshotCreator,DLM,spotinst:aws:ec2:group:createdBy,spotinst,dlm:managed,true
Created for policy: policy-0a56edde1220152f1 schedule: 2 weeks of daily snapshots,false,086685601027,100%,snap-0a51ed8f666c1d2ff,2021-12-27T00:13:04.424Z,completed,vol-0427141cbd343368f,30,standard,,SnapshotCreator,DLM,aws:dlm:lifecycle-policy-id,policy-0a56edde1220152f1,MaintainedBY,DevOps,Name,jenkins-master-test,Snapshot,true,CreatedBy,terraform,aws:dlm:lifecycle-schedule-name,2 weeks of daily snapshots,dlm:managed,true,spotinst:aws:ec2:group:createdBy,spotinst
Created for policy: policy-0a56edde1220152f1 schedule: 2 weeks of daily snapshots,false,086685601027,100%,snap-02f6bf268f42b3b79,2021-12-25T00:18:00.089Z,completed,vol-0427141cbd343368f,30,standard,,Snapshot,true,SnapshotCreator,DLM,dlm:managed,true,Name,jenkins-master-test,CreatedBy,terraform,aws:dlm:lifecycle-policy-id,policy-0a56edde1220152f1,spotinst:aws:ec2:group:createdBy,spotinst,aws:dlm:lifecycle-schedule-name,2 weeks of daily snapshots,MaintainedBY,DevOps
created by script,false,086685601027,100%,snap-095c2d7a838e10349,2021-12-23T12:53:48.779Z,completed,vol-0fc0a20f6e18d363f,8,standard,,Name,sonarqube,,,,,,,,,,,,,,,,
Created for policy: policy-0a56edde1220152f1 schedule: 2 weeks of daily snapshots,false,086685601027,100%,snap-098d94a01e802839b,2021-12-18T00:11:02.186Z,completed,vol-04762d9671a12581c,30,standard,,aws:dlm:lifecycle-policy-id,policy-0a56edde1220152f1,spotinst:aws:ec2:group:createdBy,spotinst,Snapshot,true,MaintainedBY,DevOps,SnapshotCreator,DLM,Name,jenkins-master-test,CreatedBy,terraform,aws:dlm:lifecycle-schedule-name,2 weeks of daily snapshots,dlm:managed,true
,false,086685601027,100%,snap-0ca94dd730064d225,2021-12-16T09:47:57.710Z,completed,vol-094a9bfebd18559ea,8,standard,,spotinst:aws:ec2:group:createdBy,spotinst,CreatedBy,terraform,Name,node-exporter,spotinst:accountId,act-bf1b8e33,MaintainedBY,DevOps,Snapshot,true,spotinst:aws:ec2:group:id,sig-cfe90f70,,,,
Created for policy: policy-0a56edde1220152f1 schedule: 2 weeks of daily snapshots,false,086685601027,100%,snap-0d132884f1b465204,2021-12-16T00:23:48.643Z,completed,vol-04762d9671a12581c,30,standard,,spotinst:aws:ec2:group:createdBy,spotinst,aws:dlm:lifecycle-policy-id,policy-0a56edde1220152f1,CreatedBy,terraform,Name,jenkins-master-test,Snapshot,true,SnapshotCreator,DLM,MaintainedBY,DevOps,dlm:managed,true,aws:dlm:lifecycle-schedule-name,2 weeks of daily snapshots
created by script,false,086685601027,100%,snap-09ae366aba0d3e046,2021-12-15T14:52:06.837Z,completed,vol-0fc0a20f6e18d363f,8,standard,,Name,sonarqube,,,,,,,,,,,,,,,,
Created for policy: policy-0a56edde1220152f1 schedule: 2 weeks of daily snapshots,false,086685601027,100%,snap-03209bdb6225d4543,2021-12-14T00:19:28.011Z,completed,vol-03c8e56134a471e8f,30,standard,,Name,sonarqube,SnapshotCreator,DLM,MaintainedBY,DevOps,Snapshot,true,dlm:managed,true,aws:dlm:lifecycle-policy-id,policy-0a56edde1220152f1,CreatedBy,terraform,spotinst:aws:ec2:group:createdBy,spotinst,aws:dlm:lifecycle-schedule-name,2 weeks of daily snapshots
Created for policy: policy-0a56edde1220152f1 schedule: 2 weeks of daily snapshots,false,086685601027,100%,snap-00247d22bd3ec71a5,2021-12-13T00:18:31.181Z,completed,vol-03c8e56134a471e8f,30,standard,,MaintainedBY,DevOps,SnapshotCreator,DLM,CreatedBy,terraform,Name,sonarqube,Snapshot,true,aws:dlm:lifecycle-policy-id,policy-0a56edde1220152f1,aws:dlm:lifecycle-schedule-name,2 weeks of daily snapshots,dlm:managed,true,spotinst:aws:ec2:group:createdBy,spotinst
Created for policy: policy-0a56edde1220152f1 schedule: 2 weeks of daily snapshots,false,086685601027,100%,snap-0f44b664003091e2d,2021-12-12T00:22:47.834Z,completed,vol-07461aaf0fb269756,30,standard,,Name,jenkins-master-test,MaintainedBY,DevOps,SnapshotCreator,DLM,CreatedBy,terraform,aws:dlm:lifecycle-schedule-name,2 weeks of daily snapshots,spotinst:aws:ec2:group:createdBy,spotinst,dlm:managed,true,aws:dlm:lifecycle-policy-id,policy-0a56edde1220152f1,Snapshot,true
Created for policy: policy-0a56edde1220152f1 schedule: 2 weeks of daily snapshots,false,086685601027,100%,snap-0b8e022ca6c880615,2021-12-12T00:22:48.199Z,completed,vol-03c8e56134a471e8f,30,standard,,Snapshot,true,SnapshotCreator,DLM,aws:dlm:lifecycle-policy-id,policy-0a56edde1220152f1,CreatedBy,terraform,aws:dlm:lifecycle-schedule-name,2 weeks of daily snapshots,dlm:managed,true,spotinst:aws:ec2:group:createdBy,spotinst,MaintainedBY,DevOps,Name,sonarqube
Created for policy: policy-0a56edde1220152f1 schedule: 2 weeks of daily snapshots,false,086685601027,100%,snap-0efe3b127fad6638e,2021-12-11T00:14:07.187Z,completed,vol-07461aaf0fb269756,30,standard,,Snapshot,true,MaintainedBY,DevOps,CreatedBy,terraform,aws:dlm:lifecycle-schedule-name,2 weeks of daily snapshots,dlm:managed,true,spotinst:aws:ec2:group:createdBy,spotinst,Name,jenkins-master-test,SnapshotCreator,DLM,aws:dlm:lifecycle-policy-id,policy-0a56edde1220152f1
Created for policy: policy-0a56edde1220152f1 schedule: 2 weeks of daily snapshots,false,086685601027,100%,snap-0d8318fb9f296d0a2,2021-12-09T00:24:40.674Z,completed,vol-07461aaf0fb269756,30,standard,,dlm:managed,true,Name,jenkins-master-test,aws:dlm:lifecycle-schedule-name,2 weeks of daily snapshots,CreatedBy,terraform,MaintainedBY,DevOps,SnapshotCreator,DLM,Snapshot,true,aws:dlm:lifecycle-policy-id,policy-0a56edde1220152f1,spotinst:aws:ec2:group:createdBy,spotinst
Created for policy: policy-0a56edde1220152f1 schedule: 2 weeks of daily snapshots,false,086685601027,100%,snap-0594a39a6255d9c82,2021-12-08T00:14:34.848Z,completed,vol-07461aaf0fb269756,30,standard,,Snapshot,true,MaintainedBY,DevOps,CreatedBy,terraform,aws:dlm:lifecycle-schedule-name,2 weeks of daily snapshots,dlm:managed,true,spotinst:aws:ec2:group:createdBy,spotinst,Name,jenkins-master-test,SnapshotCreator,DLM,aws:dlm:lifecycle-policy-id,policy-0a56edde1220152f1
Created for policy: policy-0a56edde1220152f1 schedule: 2 weeks of daily snapshots,false,086685601027,100%,snap-0a0080eea81ac193e,2021-12-07T00:23:04.632Z,completed,vol-03fad65340826e753,30,standard,,dlm:managed,true,Name,jenkins-master-test,aws:dlm:lifecycle-schedule-name,2 weeks of daily snapshots,CreatedBy,terraform,MaintainedBY,DevOps,SnapshotCreator,DLM,Snapshot,true,aws:dlm:lifecycle-policy-id,policy-0a56edde1220152f1,spotinst:aws:ec2:group:createdBy,spotinst
Created for policy: policy-0a56edde1220152f1 schedule: 2 weeks of daily snapshots,false,086685601027,100%,snap-092326d3245f1601f,2021-12-06T00:17:47.344Z,completed,vol-03fad65340826e753,30,standard,,CreatedBy,terraform,aws:dlm:lifecycle-schedule-name,2 weeks of daily snapshots,aws:dlm:lifecycle-policy-id,policy-0a56edde1220152f1,spotinst:aws:ec2:group:createdBy,spotinst,dlm:managed,true,SnapshotCreator,DLM,Name,jenkins-master-test,MaintainedBY,DevOps,Snapshot,true
Created for policy: policy-0a56edde1220152f1 schedule: 2 weeks of daily snapshots,false,086685601027,100%,snap-0ba292ef343f6f2f9,2021-12-05T00:19:20.525Z,completed,vol-03fad65340826e753,30,standard,,MaintainedBY,DevOps,Name,jenkins-master-test,Snapshot,true,dlm:managed,true,SnapshotCreator,DLM,CreatedBy,terraform,aws:dlm:lifecycle-policy-id,policy-0a56edde1220152f1,spotinst:aws:ec2:group:createdBy,spotinst,aws:dlm:lifecycle-schedule-name,2 weeks of daily snapshots
created by script,false,086685601027,100%,snap-0e56df10c2c5e2360,2021-12-03T21:49:38.261Z,completed,vol-0efaf35070b02fa2c,300,standard,,Name,jenkins-master-test,,,,,,,,,,,,,,,,
created by script,false,086685601027,100%,snap-09856ce68c9fa58d3,2021-12-03T21:38:23.522Z,completed,vol-0efaf35070b02fa2c,300,standard,,Name,jenkins-master-test,,,,,,,,,,,,,,,,
created by script,false,086685601027,100%,snap-0d8b7b0ab7a554fce,2021-12-03T21:33:01.053Z,completed,vol-0efaf35070b02fa2c,300,standard,,Name,jenkins-master-test,,,,,,,,,,,,,,,,
created by script,false,086685601027,100%,snap-0dde8718818a88a75,2021-12-03T20:21:30.199Z,completed,vol-055c112d97300146c,300,standard,,Name,jenkins-master-test,,,,,,,,,,,,,,,,
Created for policy: policy-0a56edde1220152f1 schedule: 2 weeks of daily snapshots,false,086685601027,100%,snap-0b67b016daecbe04b,2022-01-24T00:18:38.281Z,completed,vol-0d7896fdc2a37efa1,30,standard,,spotinst:aws:ec2:group:createdBy,spotinst,dlm:managed,true,Name,jenkins-master-test,aws:dlm:lifecycle-policy-id,policy-0a56edde1220152f1,SnapshotCreator,DLM,CreatedBy,terraform,Snapshot,true,MaintainedBY,DevOps,aws:dlm:lifecycle-schedule-name,2 weeks of daily snapshots
Created for policy: policy-0a56edde1220152f1 schedule: 2 weeks of daily snapshots,false,086685601027,100%,snap-03fafa695682a9ded,2022-01-23T00:19:43.693Z,completed,vol-0d7896fdc2a37efa1,30,standard,,spotinst:aws:ec2:group:createdBy,spotinst,aws:dlm:lifecycle-schedule-name,2 weeks of daily snapshots,MaintainedBY,DevOps,Name,jenkins-master-test,Snapshot,true,dlm:managed,true,CreatedBy,terraform,SnapshotCreator,DLM,aws:dlm:lifecycle-policy-id,policy-0a56edde1220152f1
created by script,false,086685601027,100%,snap-0bd241122e1853562,2022-01-14T13:35:20.120Z,completed,vol-0ecc0bab737f0f049,8,standard,,Name,sonarqube,,,,,,,,,,,,,,,,
created by script,false,086685601027,100%,snap-0f0d33f26c63cdf4d,2022-01-13T05:39:59.441Z,completed,vol-07bb9369f8d9fc394,300,standard,,Name,jenkins-master-test,,,,,,,,,,,,,,,,
Created for policy: policy-0a56edde1220152f1 schedule: 2 weeks of daily snapshots,false,086685601027,100%,snap-009269feb4b676479,2022-01-05T00:20:03.808Z,completed,vol-0427141cbd343368f,30,standard,,spotinst:aws:ec2:group:createdBy,spotinst,aws:dlm:lifecycle-policy-id,policy-0a56edde1220152f1,dlm:managed,true,aws:dlm:lifecycle-schedule-name,2 weeks of daily snapshots,SnapshotCreator,DLM,Snapshot,true,MaintainedBY,DevOps,CreatedBy,terraform,Name,jenkins-master-test
Created for policy: policy-0a56edde1220152f1 schedule: 2 weeks of daily snapshots,false,086685601027,100%,snap-008d8e2c6e7f7616e,2022-01-02T00:20:39.383Z,completed,vol-0427141cbd343368f,30,standard,,MaintainedBY,DevOps,Snapshot,true,CreatedBy,terraform,aws:dlm:lifecycle-schedule-name,2 weeks of daily snapshots,Name,jenkins-master-test,aws:dlm:lifecycle-policy-id,policy-0a56edde1220152f1,spotinst:aws:ec2:group:createdBy,spotinst,SnapshotCreator,DLM,dlm:managed,true
Created for policy: policy-0a56edde1220152f1 schedule: 2 weeks of daily snapshots,false,086685601027,100%,snap-02a0a3cd1931cca27,2022-01-01T00:19:29.557Z,completed,vol-0427141cbd343368f,30,standard,,Snapshot,true,SnapshotCreator,DLM,Name,jenkins-master-test,dlm:managed,true,aws:dlm:lifecycle-policy-id,policy-0a56edde1220152f1,spotinst:aws:ec2:group:createdBy,spotinst,CreatedBy,terraform,aws:dlm:lifecycle-schedule-name,2 weeks of daily snapshots,MaintainedBY,DevOps
Created for policy: policy-0a56edde1220152f1 schedule: 2 weeks of daily snapshots,false,086685601027,100%,snap-0af4e68b1b50341a5,2021-12-30T00:18:40.803Z,completed,vol-0427141cbd343368f,30,standard,,spotinst:aws:ec2:group:createdBy,spotinst,aws:dlm:lifecycle-policy-id,policy-0a56edde1220152f1,aws:dlm:lifecycle-schedule-name,2 weeks of daily snapshots,dlm:managed,true,Snapshot,true,MaintainedBY,DevOps,SnapshotCreator,DLM,CreatedBy,terraform,Name,jenkins-master-test
Created for policy: policy-0a56edde1220152f1 schedule: 2 weeks of daily snapshots,false,086685601027,100%,snap-05f97574f6dafbed8,2021-12-29T00:19:29.474Z,completed,vol-0427141cbd343368f,30,standard,,aws:dlm:lifecycle-policy-id,policy-0a56edde1220152f1,spotinst:aws:ec2:group:createdBy,spotinst,aws:dlm:lifecycle-schedule-name,2 weeks of daily snapshots,MaintainedBY,DevOps,SnapshotCreator,DLM,Snapshot,true,dlm:managed,true,CreatedBy,terraform,Name,jenkins-master-test
Created for policy: policy-0a56edde1220152f1 schedule: 2 weeks of daily snapshots,false,086685601027,100%,snap-03203a96db69f5137,2021-12-28T00:23:31.460Z,completed,vol-0427141cbd343368f,30,standard,,MaintainedBY,DevOps,Snapshot,true,CreatedBy,terraform,aws:dlm:lifecycle-schedule-name,2 weeks of daily snapshots,Name,jenkins-master-test,spotinst:aws:ec2:group:createdBy,spotinst,SnapshotCreator,DLM,aws:dlm:lifecycle-policy-id,policy-0a56edde1220152f1,dlm:managed,true
Created for policy: policy-0a56edde1220152f1 schedule: 2 weeks of daily snapshots,false,086685601027,100%,snap-0c3029ec469548ed7,2021-12-26T00:11:56.379Z,completed,vol-0427141cbd343368f,30,standard,,MaintainedBY,DevOps,SnapshotCreator,DLM,Snapshot,true,dlm:managed,true,aws:dlm:lifecycle-schedule-name,2 weeks of daily snapshots,spotinst:aws:ec2:group:createdBy,spotinst,CreatedBy,terraform,Name,jenkins-master-test,aws:dlm:lifecycle-policy-id,policy-0a56edde1220152f1
created by script,false,086685601027,100%,snap-01f7b4ed52807f14b,2021-12-23T12:18:06.016Z,completed,vol-0fc0a20f6e18d363f,8,standard,,Name,sonarqube,,,,,,,,,,,,,,,,
created by script,false,086685601027,100%,snap-0f56bc7aed1cddf74,2021-12-23T11:58:51.848Z,completed,vol-0fc0a20f6e18d363f,8,standard,,Name,sonarqube,,,,,,,,,,,,,,,,
created by script,false,086685601027,100%,snap-0efb9c14f75ca746a,2021-12-23T10:26:56.546Z,completed,vol-0fc0a20f6e18d363f,8,standard,,Name,sonarqube,,,,,,,,,,,,,,,,
created by script,false,086685601027,100%,snap-0742a65467d127d07,2021-12-23T07:50:33.969Z,completed,vol-0fc0a20f6e18d363f,8,standard,,Name,sonarqube,,,,,,,,,,,,,,,,
created by script,false,086685601027,100%,snap-0b55ba11cd8df848b,2021-12-21T11:25:45.169Z,completed,vol-0fc0a20f6e18d363f,8,standard,,Name,sonarqube,,,,,,,,,,,,,,,,
Created for policy: policy-0a56edde1220152f1 schedule: 2 weeks of daily snapshots,false,086685601027,100%,snap-094d14009e102887d,2021-12-17T00:12:20.800Z,completed,vol-04762d9671a12581c,30,standard,,spotinst:aws:ec2:group:createdBy,spotinst,CreatedBy,terraform,SnapshotCreator,DLM,aws:dlm:lifecycle-policy-id,policy-0a56edde1220152f1,MaintainedBY,DevOps,Name,jenkins-master-test,Snapshot,true,dlm:managed,true,aws:dlm:lifecycle-schedule-name,2 weeks of daily snapshots
Created for policy: policy-0a56edde1220152f1 schedule: 2 weeks of daily snapshots,false,086685601027,100%,snap-0c05276884f39be57,2021-12-15T00:17:24.827Z,completed,vol-04762d9671a12581c,30,standard,,Name,jenkins-master-test,MaintainedBY,DevOps,SnapshotCreator,DLM,CreatedBy,terraform,Snapshot,true,aws:dlm:lifecycle-policy-id,policy-0a56edde1220152f1,aws:dlm:lifecycle-schedule-name,2 weeks of daily snapshots,spotinst:aws:ec2:group:createdBy,spotinst,dlm:managed,true
Created for policy: policy-0a56edde1220152f1 schedule: 2 weeks of daily snapshots,false,086685601027,100%,snap-02ca4303dff9aa421,2021-12-14T00:19:27.644Z,completed,vol-07461aaf0fb269756,30,standard,,dlm:managed,true,MaintainedBY,DevOps,Snapshot,true,SnapshotCreator,DLM,CreatedBy,terraform,Name,jenkins-master-test,aws:dlm:lifecycle-policy-id,policy-0a56edde1220152f1,spotinst:aws:ec2:group:createdBy,spotinst,aws:dlm:lifecycle-schedule-name,2 weeks of daily snapshots
Created for policy: policy-0a56edde1220152f1 schedule: 2 weeks of daily snapshots,false,086685601027,100%,snap-048a2788380a911cc,2021-12-13T00:18:30.863Z,completed,vol-07461aaf0fb269756,30,standard,,Name,jenkins-master-test,dlm:managed,true,CreatedBy,terraform,MaintainedBY,DevOps,SnapshotCreator,DLM,aws:dlm:lifecycle-schedule-name,2 weeks of daily snapshots,spotinst:aws:ec2:group:createdBy,spotinst,aws:dlm:lifecycle-policy-id,policy-0a56edde1220152f1,Snapshot,true
Created for policy: policy-0a56edde1220152f1 schedule: 2 weeks of daily snapshots,false,086685601027,100%,snap-0d1b2a6bb0d12b9d9,2021-12-11T00:14:07.517Z,completed,vol-03c8e56134a471e8f,30,standard,,Snapshot,true,Name,sonarqube,spotinst:aws:ec2:group:createdBy,spotinst,MaintainedBY,DevOps,aws:dlm:lifecycle-schedule-name,2 weeks of daily snapshots,dlm:managed,true,SnapshotCreator,DLM,aws:dlm:lifecycle-policy-id,policy-0a56edde1220152f1,CreatedBy,terraform
Created for policy: policy-0a56edde1220152f1 schedule: 2 weeks of daily snapshots,false,086685601027,100%,snap-0f62bbb19df963949,2021-12-10T00:11:13.015Z,completed,vol-03c8e56134a471e8f,30,standard,,MaintainedBY,DevOps,CreatedBy,terraform,Name,sonarqube,aws:dlm:lifecycle-schedule-name,2 weeks of daily snapshots,SnapshotCreator,DLM,spotinst:aws:ec2:group:createdBy,spotinst,dlm:managed,true,aws:dlm:lifecycle-policy-id,policy-0a56edde1220152f1,Snapshot,true
Created for policy: policy-0a56edde1220152f1 schedule: 2 weeks of daily snapshots,false,086685601027,100%,snap-01c6f9b00f8873596,2021-12-10T00:11:12.699Z,completed,vol-07461aaf0fb269756,30,standard,,spotinst:aws:ec2:group:createdBy,spotinst,Snapshot,true,MaintainedBY,DevOps,dlm:managed,true,Name,jenkins-master-test,aws:dlm:lifecycle-schedule-name,2 weeks of daily snapshots,CreatedBy,terraform,SnapshotCreator,DLM,aws:dlm:lifecycle-policy-id,policy-0a56edde1220152f1
Created for policy: policy-0a56edde1220152f1 schedule: 2 weeks of daily snapshots,false,086685601027,100%,snap-0a8984dfa4fa2d9c9,2022-01-21T00:23:28.416Z,completed,vol-073f481d687ff31ce,30,standard,,dlm:managed,true,aws:dlm:lifecycle-schedule-name,2 weeks of daily snapshots,Snapshot,true,Name,sonarqube,MaintainedBY,DevOps,spotinst:aws:ec2:group:createdBy,spotinst,CreatedBy,terraform,SnapshotCreator,DLM,aws:dlm:lifecycle-policy-id,policy-0a56edde1220152f1
Created for policy: policy-0a56edde1220152f1 schedule: 2 weeks of daily snapshots,false,086685601027,100%,snap-02fc05243af01a278,2022-01-20T00:17:03.441Z,completed,vol-073f481d687ff31ce,30,standard,,spotinst:aws:ec2:group:createdBy,spotinst,aws:dlm:lifecycle-schedule-name,2 weeks of daily snapshots,Name,sonarqube,SnapshotCreator,DLM,MaintainedBY,DevOps,Snapshot,true,dlm:managed,true,aws:dlm:lifecycle-policy-id,policy-0a56edde1220152f1,CreatedBy,terraform
Created for policy: policy-0a56edde1220152f1 schedule: 2 weeks of daily snapshots,false,086685601027,100%,snap-06c3e10acac1aec3f,2022-01-19T00:16:24.425Z,completed,vol-073f481d687ff31ce,30,standard,,CreatedBy,terraform,aws:dlm:lifecycle-schedule-name,2 weeks of daily snapshots,dlm:managed,true,SnapshotCreator,DLM,aws:dlm:lifecycle-policy-id,policy-0a56edde1220152f1,Snapshot,true,Name,sonarqube,spotinst:aws:ec2:group:createdBy,spotinst,MaintainedBY,DevOps
Created for policy: policy-0a56edde1220152f1 schedule: 2 weeks of daily snapshots,false,086685601027,100%,snap-08febd65ac8a953a3,2022-01-19T00:16:25.617Z,completed,vol-0a89285603192d070,30,standard,,Name,jenkins-master-test,MaintainedBY,DevOps,SnapshotCreator,DLM,CreatedBy,terraform,Snapshot,true,aws:dlm:lifecycle-policy-id,policy-0a56edde1220152f1,aws:dlm:lifecycle-schedule-name,2 weeks of daily snapshots,spotinst:aws:ec2:group:createdBy,spotinst,dlm:managed,true
Created for policy: policy-0a56edde1220152f1 schedule: 2 weeks of daily snapshots,false,086685601027,100%,snap-04f1246eca4d26e90,2022-01-18T00:15:48.296Z,completed,vol-073f481d687ff31ce,30,standard,,aws:dlm:lifecycle-policy-id,policy-0a56edde1220152f1,Snapshot,true,Name,sonarqube,MaintainedBY,DevOps,dlm:managed,true,CreatedBy,terraform,aws:dlm:lifecycle-schedule-name,2 weeks of daily snapshots,SnapshotCreator,DLM,spotinst:aws:ec2:group:createdBy,spotinst
Created for policy: policy-0a56edde1220152f1 schedule: 2 weeks of daily snapshots,false,086685601027,100%,snap-0d118edfbf0f45bac,2022-01-18T00:15:43.586Z,completed,vol-0ec4b87eac1969ce4,30,standard,,spotinst:aws:ec2:group:createdBy,spotinst,aws:dlm:lifecycle-policy-id,policy-0a56edde1220152f1,dlm:managed,true,aws:dlm:lifecycle-schedule-name,2 weeks of daily snapshots,SnapshotCreator,DLM,Snapshot,true,MaintainedBY,DevOps,CreatedBy,terraform,Name,jenkins-master-test
Created for policy: policy-0a56edde1220152f1 schedule: 2 weeks of daily snapshots,false,086685601027,100%,snap-053ee7cf429f4a398,2022-01-17T00:24:46.350Z,completed,vol-073f481d687ff31ce,30,standard,,spotinst:aws:ec2:group:createdBy,spotinst,aws:dlm:lifecycle-policy-id,policy-0a56edde1220152f1,aws:dlm:lifecycle-schedule-name,2 weeks of daily snapshots,dlm:managed,true,Name,sonarqube,Snapshot,true,MaintainedBY,DevOps,SnapshotCreator,DLM,CreatedBy,terraform
Created for policy: policy-0a56edde1220152f1 schedule: 2 weeks of daily snapshots,false,086685601027,100%,snap-0bdc32d62fe5e72a3,2022-01-14T00:19:23.968Z,completed,vol-0ec4b87eac1969ce4,30,standard,,SnapshotCreator,DLM,aws:dlm:lifecycle-policy-id,policy-0a56edde1220152f1,dlm:managed,true,spotinst:aws:ec2:group:createdBy,spotinst,aws:dlm:lifecycle-schedule-name,2 weeks of daily snapshots,CreatedBy,terraform,MaintainedBY,DevOps,Name,jenkins-master-test,Snapshot,true
Created for policy: policy-0a56edde1220152f1 schedule: 2 weeks of daily snapshots,false,086685601027,100%,snap-0b9746846b71d60f2,2022-01-14T00:10:39.291Z,completed,vol-0171bb49bb958f568,30,standard,,aws:dlm:lifecycle-schedule-name,2 weeks of daily snapshots,dlm:managed,true,spotinst:aws:ec2:group:createdBy,spotinst,MaintainedBY,DevOps,Name,sonarqube,Snapshot,true,aws:dlm:lifecycle-policy-id,policy-0a56edde1220152f1,SnapshotCreator,DLM,CreatedBy,terraform
,false,086685601027,100%,snap-0e619d5e94e079420,2022-01-13T09:10:02.707Z,completed,vol-015e407d2b451d0f2,8,standard,,Name,prometheus,Snapshot,true,spotinst:accountId,act-bf1b8e33,MaintainedBY,DevOps,spotinst:aws:ec2:group:createdBy,spotinst,CreatedBy,terraform,spotinst:aws:ec2:group:id,sig-7620ca32,,,,
Created for policy: policy-0a56edde1220152f1 schedule: 2 weeks of daily snapshots,false,086685601027,100%,snap-0a0e219dee032138a,2022-01-13T00:23:30.015Z,completed,vol-0171bb49bb958f568,30,standard,,aws:dlm:lifecycle-schedule-name,2 weeks of daily snapshots,dlm:managed,true,spotinst:aws:ec2:group:createdBy,spotinst,aws:dlm:lifecycle-policy-id,policy-0a56edde1220152f1,SnapshotCreator,DLM,CreatedBy,terraform,Snapshot,true,MaintainedBY,DevOps,Name,sonarqube
Created for policy: policy-0a56edde1220152f1 schedule: 2 weeks of daily snapshots,false,086685601027,100%,snap-0627edd3066da20f1,2022-01-13T00:14:56.396Z,completed,vol-0ec4b87eac1969ce4,30,standard,,Snapshot,true,Name,jenkins-master-test,dlm:managed,true,CreatedBy,terraform,SnapshotCreator,DLM,aws:dlm:lifecycle-policy-id,policy-0a56edde1220152f1,aws:dlm:lifecycle-schedule-name,2 weeks of daily snapshots,spotinst:aws:ec2:group:createdBy,spotinst,MaintainedBY,DevOps
Created for policy: policy-0a56edde1220152f1 schedule: 2 weeks of daily snapshots,false,086685601027,100%,snap-07b0859d56400f84f,2022-01-12T00:16:14.632Z,completed,vol-0c5405fa9f61a54e5,30,standard,,CreatedBy,terraform,aws:dlm:lifecycle-schedule-name,2 weeks of daily snapshots,dlm:managed,true,spotinst:aws:ec2:group:createdBy,spotinst,SnapshotCreator,DLM,aws:dlm:lifecycle-policy-id,policy-0a56edde1220152f1,Snapshot,true,MaintainedBY,DevOps,Name,node-exporter
Created for policy: policy-0a56edde1220152f1 schedule: 2 weeks of daily snapshots,false,086685601027,100%,snap-022ce4903e14d8145,2022-01-11T00:20:14.312Z,completed,vol-0171bb49bb958f568,30,standard,,aws:dlm:lifecycle-policy-id,policy-0a56edde1220152f1,Snapshot,true,SnapshotCreator,DLM,CreatedBy,terraform,dlm:managed,true,MaintainedBY,DevOps,Name,sonarqube,spotinst:aws:ec2:group:createdBy,spotinst,aws:dlm:lifecycle-schedule-name,2 weeks of daily snapshots
Created for policy: policy-0a56edde1220152f1 schedule: 2 weeks of daily snapshots,false,086685601027,100%,snap-0ce9fb57f61f91d53,2022-01-11T00:19:32.759Z,completed,vol-0fed115fd2f23a465,30,standard,,MaintainedBY,DevOps,Snapshot,true,dlm:managed,true,Name,prometheus,aws:dlm:lifecycle-schedule-name,2 weeks of daily snapshots,spotinst:aws:ec2:group:createdBy,spotinst,CreatedBy,terraform,SnapshotCreator,DLM,aws:dlm:lifecycle-policy-id,policy-0a56edde1220152f1
Created for policy: policy-0a56edde1220152f1 schedule: 2 weeks of daily snapshots,false,086685601027,100%,snap-03465939f54da1c7d,2022-01-10T00:24:16.682Z,completed,vol-0fed115fd2f23a465,30,standard,,dlm:managed,true,CreatedBy,terraform,aws:dlm:lifecycle-schedule-name,2 weeks of daily snapshots,SnapshotCreator,DLM,spotinst:aws:ec2:group:createdBy,spotinst,aws:dlm:lifecycle-policy-id,policy-0a56edde1220152f1,Snapshot,true,MaintainedBY,DevOps,Name,prometheus
Created for policy: policy-0a56edde1220152f1 schedule: 2 weeks of daily snapshots,false,086685601027,100%,snap-08aa669e1a1e08d09,2022-01-10T00:17:10.547Z,completed,vol-0171bb49bb958f568,30,standard,,CreatedBy,terraform,aws:dlm:lifecycle-schedule-name,2 weeks of daily snapshots,spotinst:aws:ec2:group:createdBy,spotinst,Name,sonarqube,MaintainedBY,DevOps,Snapshot,true,aws:dlm:lifecycle-policy-id,policy-0a56edde1220152f1,dlm:managed,true,SnapshotCreator,DLM
Created for policy: policy-0a56edde1220152f1 schedule: 2 weeks of daily snapshots,false,086685601027,100%,snap-0e32fe0b2300b2eca,2022-01-08T00:25:16.810Z,completed,vol-0fed115fd2f23a465,30,standard,,MaintainedBY,DevOps,SnapshotCreator,DLM,Name,prometheus,Snapshot,true,dlm:managed,true,CreatedBy,terraform,aws:dlm:lifecycle-policy-id,policy-0a56edde1220152f1,spotinst:aws:ec2:group:createdBy,spotinst,aws:dlm:lifecycle-schedule-name,2 weeks of daily snapshots
Created for policy: policy-0a56edde1220152f1 schedule: 2 weeks of daily snapshots,false,086685601027,100%,snap-0427d8495d19208fd,2022-01-07T00:14:49.607Z,completed,vol-0fed115fd2f23a465,30,standard,,Snapshot,true,SnapshotCreator,DLM,Name,prometheus,aws:dlm:lifecycle-policy-id,policy-0a56edde1220152f1,CreatedBy,terraform,dlm:managed,true,MaintainedBY,DevOps,spotinst:aws:ec2:group:createdBy,spotinst,aws:dlm:lifecycle-schedule-name,2 weeks of daily snapshots
Created for policy: policy-0a56edde1220152f1 schedule: 2 weeks of daily snapshots,false,086685601027,100%,snap-031d75295918ddabc,2022-01-07T00:12:37.765Z,completed,vol-0171bb49bb958f568,30,standard,,Snapshot,true,SnapshotCreator,DLM,Name,sonarqube,dlm:managed,true,CreatedBy,terraform,aws:dlm:lifecycle-policy-id,policy-0a56edde1220152f1,spotinst:aws:ec2:group:createdBy,spotinst,aws:dlm:lifecycle-schedule-name,2 weeks of daily snapshots,MaintainedBY,DevOps
Created for policy: policy-0a56edde1220152f1 schedule: 2 weeks of daily snapshots,false,086685601027,100%,snap-0e66d761b5a34b50b,2022-01-06T00:15:21.842Z,completed,vol-0171bb49bb958f568,30,standard,,aws:dlm:lifecycle-policy-id,policy-0a56edde1220152f1,CreatedBy,terraform,Snapshot,true,dlm:managed,true,Name,sonarqube,SnapshotCreator,DLM,MaintainedBY,DevOps,spotinst:aws:ec2:group:createdBy,spotinst,aws:dlm:lifecycle-schedule-name,2 weeks of daily snapshots
Created for policy: policy-0a56edde1220152f1 schedule: 2 weeks of daily snapshots,false,086685601027,100%,snap-0626690ef2124062f,2022-01-05T00:19:58.520Z,completed,vol-0fed115fd2f23a465,30,standard,,aws:dlm:lifecycle-policy-id,policy-0a56edde1220152f1,spotinst:aws:ec2:group:createdBy,spotinst,CreatedBy,terraform,SnapshotCreator,DLM,dlm:managed,true,aws:dlm:lifecycle-schedule-name,2 weeks of daily snapshots,Name,prometheus,Snapshot,true,MaintainedBY,DevOps
Created for policy: policy-0a56edde1220152f1 schedule: 2 weeks of daily snapshots,false,086685601027,100%,snap-08da9f6fe9917d4f7,2022-01-04T00:19:52.755Z,completed,vol-0c5405fa9f61a54e5,30,standard,,aws:dlm:lifecycle-policy-id,policy-0a56edde1220152f1,CreatedBy,terraform,Snapshot,true,MaintainedBY,DevOps,Name,node-exporter,SnapshotCreator,DLM,aws:dlm:lifecycle-schedule-name,2 weeks of daily snapshots,dlm:managed,true,spotinst:aws:ec2:group:createdBy,spotinst
Created for policy: policy-0a56edde1220152f1 schedule: 2 weeks of daily snapshots,false,086685601027,100%,snap-0eb4bb20c5e72a2bf,2022-01-04T00:17:34.986Z,completed,vol-0fed115fd2f23a465,30,standard,,aws:dlm:lifecycle-policy-id,policy-0a56edde1220152f1,aws:dlm:lifecycle-schedule-name,2 weeks of daily snapshots,dlm:managed,true,spotinst:aws:ec2:group:createdBy,spotinst,MaintainedBY,DevOps,SnapshotCreator,DLM,CreatedBy,terraform,Name,prometheus,Snapshot,true
Created for policy: policy-0a56edde1220152f1 schedule: 2 weeks of daily snapshots,false,086685601027,100%,snap-041a11b75819a072f,2022-01-03T00:22:57.605Z,completed,vol-0171bb49bb958f568,30,standard,,MaintainedBY,DevOps,Snapshot,true,dlm:managed,true,aws:dlm:lifecycle-schedule-name,2 weeks of daily snapshots,Name,sonarqube,spotinst:aws:ec2:group:createdBy,spotinst,SnapshotCreator,DLM,CreatedBy,terraform,aws:dlm:lifecycle-policy-id,policy-0a56edde1220152f1
Created for policy: policy-0a56edde1220152f1 schedule: 2 weeks of daily snapshots,false,086685601027,100%,snap-0199addf4560e235e,2022-01-03T00:22:58.310Z,completed,vol-0c5405fa9f61a54e5,30,standard,,aws:dlm:lifecycle-policy-id,policy-0a56edde1220152f1,spotinst:aws:ec2:group:createdBy,spotinst,SnapshotCreator,DLM,dlm:managed,true,CreatedBy,terraform,Name,node-exporter,aws:dlm:lifecycle-schedule-name,2 weeks of daily snapshots,MaintainedBY,DevOps,Snapshot,true
Created for policy: policy-0a56edde1220152f1 schedule: 2 weeks of daily snapshots,false,086685601027,100%,snap-0627e506955ce2cfe,2022-01-02T00:11:24.903Z,completed,vol-0171bb49bb958f568,30,standard,,Name,sonarqube,Snapshot,true,MaintainedBY,DevOps,SnapshotCreator,DLM,aws:dlm:lifecycle-schedule-name,2 weeks of daily snapshots,dlm:managed,true,spotinst:aws:ec2:group:createdBy,spotinst,aws:dlm:lifecycle-policy-id,policy-0a56edde1220152f1,CreatedBy,terraform
Created for policy: policy-0a56edde1220152f1 schedule: 2 weeks of daily snapshots,false,086685601027,100%,snap-0c99be9d8ac3852af,2022-01-01T00:19:24.770Z,completed,vol-0fed115fd2f23a465,30,standard,,MaintainedBY,DevOps,Snapshot,true,dlm:managed,true,Name,prometheus,aws:dlm:lifecycle-schedule-name,2 weeks of daily snapshots,aws:dlm:lifecycle-policy-id,policy-0a56edde1220152f1,spotinst:aws:ec2:group:createdBy,spotinst,SnapshotCreator,DLM,CreatedBy,terraform
Created for policy: policy-0a56edde1220152f1 schedule: 2 weeks of daily snapshots,false,086685601027,100%,snap-00c00515d8546914c,2022-01-01T00:20:14.906Z,completed,vol-0171bb49bb958f568,30,standard,,CreatedBy,terraform,aws:dlm:lifecycle-schedule-name,2 weeks of daily snapshots,MaintainedBY,DevOps,Snapshot,true,Name,sonarqube,SnapshotCreator,DLM,aws:dlm:lifecycle-policy-id,policy-0a56edde1220152f1,dlm:managed,true,spotinst:aws:ec2:group:createdBy,spotinst
Created for policy: policy-0a56edde1220152f1 schedule: 2 weeks of daily snapshots,false,086685601027,100%,snap-01fe0a7fb86bf8b0e,2022-01-01T00:20:15.715Z,completed,vol-0c5405fa9f61a54e5,30,standard,,MaintainedBY,DevOps,SnapshotCreator,DLM,CreatedBy,terraform,aws:dlm:lifecycle-schedule-name,2 weeks of daily snapshots,dlm:managed,true,aws:dlm:lifecycle-policy-id,policy-0a56edde1220152f1,spotinst:aws:ec2:group:createdBy,spotinst,Name,node-exporter,Snapshot,true
created by script,false,086685601027,100%,snap-0f2185fe275f2d77e,2021-12-31T12:16:05.291Z,completed,vol-059a7651f11a28405,500,standard,,Name,artifactory,,,,,,,,,,,,,,,,
Created for policy: policy-0a56edde1220152f1 schedule: 2 weeks of daily snapshots,false,086685601027,100%,snap-00d9084c8ddd7c41c,2021-12-14T00:19:26.536Z,completed,vol-00bfbde266edc1314,30,standard,,Snapshot,true,MaintainedBY,DevOps,Name,node-exporter,CreatedBy,terraform,aws:dlm:lifecycle-schedule-name,2 weeks of daily snapshots,dlm:managed,true,spotinst:aws:ec2:group:createdBy,spotinst,SnapshotCreator,DLM,aws:dlm:lifecycle-policy-id,policy-0a56edde1220152f1
Created for policy: policy-0a56edde1220152f1 schedule: 2 weeks of daily snapshots,false,086685601027,100%,snap-0ae0dfcc8e0249cb0,2021-12-13T00:18:29.856Z,completed,vol-00bfbde266edc1314,30,standard,,Snapshot,true,SnapshotCreator,DLM,aws:dlm:lifecycle-policy-id,policy-0a56edde1220152f1,CreatedBy,terraform,aws:dlm:lifecycle-schedule-name,2 weeks of daily snapshots,Name,node-exporter,dlm:managed,true,MaintainedBY,DevOps,spotinst:aws:ec2:group:createdBy,spotinst
Created for policy: policy-0a56edde1220152f1 schedule: 2 weeks of daily snapshots,false,086685601027,100%,snap-0fe4fb203d408e08f,2021-12-09T00:24:38.615Z,completed,vol-00bfbde266edc1314,30,standard,,SnapshotCreator,DLM,aws:dlm:lifecycle-policy-id,policy-0a56edde1220152f1,spotinst:aws:ec2:group:createdBy,spotinst,dlm:managed,true,CreatedBy,terraform,Name,node-exporter,aws:dlm:lifecycle-schedule-name,2 weeks of daily snapshots,MaintainedBY,DevOps,Snapshot,true
Created for policy: policy-0a56edde1220152f1 schedule: 2 weeks of daily snapshots,false,086685601027,100%,snap-0de20625528c961be,2021-12-09T00:24:39.256Z,completed,vol-0447916d5f9bb0786,30,standard,,CreatedBy,terraform,aws:dlm:lifecycle-schedule-name,2 weeks of daily snapshots,spotinst:aws:ec2:group:createdBy,spotinst,Name,sonarqube,MaintainedBY,DevOps,Snapshot,true,aws:dlm:lifecycle-policy-id,policy-0a56edde1220152f1,dlm:managed,true,SnapshotCreator,DLM
Created for policy: policy-0a56edde1220152f1 schedule: 2 weeks of daily snapshots,false,086685601027,100%,snap-0418eccb737a6247a,2021-12-08T00:14:33.421Z,completed,vol-0447916d5f9bb0786,30,standard,,aws:dlm:lifecycle-schedule-name,2 weeks of daily snapshots,CreatedBy,terraform,MaintainedBY,DevOps,Snapshot,true,Name,sonarqube,SnapshotCreator,DLM,aws:dlm:lifecycle-policy-id,policy-0a56edde1220152f1,spotinst:aws:ec2:group:createdBy,spotinst,dlm:managed,true
Created for policy: policy-0a56edde1220152f1 schedule: 2 weeks of daily snapshots,false,086685601027,100%,snap-00fdbcd540939447f,2021-12-08T00:14:32.480Z,completed,vol-00bfbde266edc1314,30,standard,,spotinst:aws:ec2:group:createdBy,spotinst,aws:dlm:lifecycle-policy-id,policy-0a56edde1220152f1,CreatedBy,terraform,Snapshot,true,SnapshotCreator,DLM,MaintainedBY,DevOps,dlm:managed,true,Name,node-exporter,aws:dlm:lifecycle-schedule-name,2 weeks of daily snapshots
Created for policy: policy-0a56edde1220152f1 schedule: 2 weeks of daily snapshots,false,086685601027,100%,snap-00ecaaf7d8b3f3903,2021-12-07T00:23:03.067Z,completed,vol-00bfbde266edc1314,30,standard,,Snapshot,true,spotinst:aws:ec2:group:createdBy,spotinst,MaintainedBY,DevOps,CreatedBy,terraform,Name,node-exporter,aws:dlm:lifecycle-schedule-name,2 weeks of daily snapshots,dlm:managed,true,SnapshotCreator,DLM,aws:dlm:lifecycle-policy-id,policy-0a56edde1220152f1
Created for policy: policy-0a56edde1220152f1 schedule: 2 weeks of daily snapshots,false,086685601027,100%,snap-0dbee9ff4075ca584,2021-12-07T00:23:03.763Z,completed,vol-0447916d5f9bb0786,30,standard,,CreatedBy,terraform,aws:dlm:lifecycle-schedule-name,2 weeks of daily snapshots,dlm:managed,true,Name,sonarqube,Snapshot,true,MaintainedBY,DevOps,spotinst:aws:ec2:group:createdBy,spotinst,SnapshotCreator,DLM,aws:dlm:lifecycle-policy-id,policy-0a56edde1220152f1
,false,086685601027,100%,snap-07cb26faea8bdaa35,2021-12-06T12:22:57.777Z,completed,vol-059a7651f11a28405,500,standard,,CreatedBy,terraform,Name,artifactory,spotinst:accountId,act-bf1b8e33,spotinst:aws:ec2:group:id,sig-d7251a8f,Snapshot,true,spotinst:aws:ec2:group:createdBy,spotinst,MaintainedBY,DevOps,,,,
created by script,false,086685601027,100%,snap-0d6a03a7fcbc73fd0,2021-12-06T12:18:05.059Z,completed,vol-059a7651f11a28405,500,standard,,Name,artifactory,,,,,,,,,,,,,,,,
Created for policy: policy-0a56edde1220152f1 schedule: 2 weeks of daily snapshots,false,086685601027,100%,snap-083a5e49c035edd08,2021-12-06T00:17:45.619Z,completed,vol-00bfbde266edc1314,30,standard,,dlm:managed,true,aws:dlm:lifecycle-schedule-name,2 weeks of daily snapshots,CreatedBy,terraform,SnapshotCreator,DLM,aws:dlm:lifecycle-policy-id,policy-0a56edde1220152f1,spotinst:aws:ec2:group:createdBy,spotinst,Snapshot,true,Name,node-exporter,MaintainedBY,DevOps
Created for policy: policy-0a56edde1220152f1 schedule: 2 weeks of daily snapshots,false,086685601027,100%,snap-04b462d436e8e00d4,2021-12-06T00:17:46.305Z,completed,vol-0447916d5f9bb0786,30,standard,,aws:dlm:lifecycle-policy-id,policy-0a56edde1220152f1,spotinst:aws:ec2:group:createdBy,spotinst,aws:dlm:lifecycle-schedule-name,2 weeks of daily snapshots,MaintainedBY,DevOps,Name,sonarqube,SnapshotCreator,DLM,Snapshot,true,dlm:managed,true,CreatedBy,terraform
Created for policy: policy-0a56edde1220152f1 schedule: 2 weeks of daily snapshots,false,086685601027,100%,snap-0f56891562af016c5,2021-12-06T00:10:25.858Z,completed,vol-05b9254ec1fdb8fc1,30,standard,,spotinst:aws:ec2:group:createdBy,spotinst,aws:dlm:lifecycle-policy-id,policy-0a56edde1220152f1,CreatedBy,terraform,Snapshot,true,SnapshotCreator,DLM,MaintainedBY,DevOps,dlm:managed,true,Name,artifactory,aws:dlm:lifecycle-schedule-name,2 weeks of daily snapshots
Created for policy: policy-0a56edde1220152f1 schedule: 2 weeks of daily snapshots,false,086685601027,100%,snap-085e09aed0e7ec208,2021-12-05T00:19:17.261Z,completed,vol-00bfbde266edc1314,30,standard,,MaintainedBY,DevOps,SnapshotCreator,DLM,Snapshot,true,dlm:managed,true,Name,node-exporter,aws:dlm:lifecycle-schedule-name,2 weeks of daily snapshots,spotinst:aws:ec2:group:createdBy,spotinst,aws:dlm:lifecycle-policy-id,policy-0a56edde1220152f1,CreatedBy,terraform
Created for policy: policy-0a56edde1220152f1 schedule: 2 weeks of daily snapshots,false,086685601027,100%,snap-0d7b3b9b0ec0ae995,2021-12-05T00:19:18.049Z,completed,vol-0447916d5f9bb0786,30,standard,,CreatedBy,terraform,aws:dlm:lifecycle-schedule-name,2 weeks of daily snapshots,aws:dlm:lifecycle-policy-id,policy-0a56edde1220152f1,spotinst:aws:ec2:group:createdBy,spotinst,dlm:managed,true,SnapshotCreator,DLM,Name,sonarqube,MaintainedBY,DevOps,Snapshot,true
Created for policy: policy-0a56edde1220152f1 schedule: 2 weeks of daily snapshots,false,086685601027,100%,snap-01372ca9731a88166,2021-12-05T00:11:59.784Z,completed,vol-05b9254ec1fdb8fc1,30,standard,,spotinst:aws:ec2:group:createdBy,spotinst,aws:dlm:lifecycle-policy-id,policy-0a56edde1220152f1,CreatedBy,terraform,aws:dlm:lifecycle-schedule-name,2 weeks of daily snapshots,dlm:managed,true,MaintainedBY,DevOps,SnapshotCreator,DLM,Name,artifactory,Snapshot,true
Created for policy: policy-0a56edde1220152f1 schedule: 2 weeks of daily snapshots,false,086685601027,100%,snap-0707a841f280824e1,2021-12-04T00:19:30.068Z,completed,vol-05b9254ec1fdb8fc1,30,standard,,MaintainedBY,DevOps,Snapshot,true,dlm:managed,true,aws:dlm:lifecycle-schedule-name,2 weeks of daily snapshots,Name,artifactory,aws:dlm:lifecycle-policy-id,policy-0a56edde1220152f1,spotinst:aws:ec2:group:createdBy,spotinst,SnapshotCreator,DLM,CreatedBy,terraform
Created for policy: policy-0a56edde1220152f1 schedule: 2 weeks of daily snapshots,false,086685601027,100%,snap-01b74fb4c08077821,2021-12-04T00:10:55.928Z,completed,vol-0447916d5f9bb0786,30,standard,,Name,sonarqube,SnapshotCreator,DLM,MaintainedBY,DevOps,Snapshot,true,aws:dlm:lifecycle-schedule-name,2 weeks of daily snapshots,CreatedBy,terraform,aws:dlm:lifecycle-policy-id,policy-0a56edde1220152f1,dlm:managed,true,spotinst:aws:ec2:group:createdBy,spotinst
Created for policy: policy-0a56edde1220152f1 schedule: 2 weeks of daily snapshots,false,086685601027,100%,snap-012a287b7314c1a4f,2021-12-04T00:10:58.238Z,completed,vol-0672c156c4ce59ac6,30,standard,,spotinst:aws:ec2:group:createdBy,spotinst,aws:dlm:lifecycle-schedule-name,2 weeks of daily snapshots,MaintainedBY,DevOps,Snapshot,true,SnapshotCreator,DLM,dlm:managed,true,Name,jenkins-master-test,aws:dlm:lifecycle-policy-id,policy-0a56edde1220152f1,CreatedBy,terraform
Created for policy: policy-0a56edde1220152f1 schedule: 2 weeks of daily snapshots,false,086685601027,100%,snap-0b2ae9fa0d7e11f48,2021-12-04T00:10:55.215Z,completed,vol-00bfbde266edc1314,30,standard,,Name,node-exporter,CreatedBy,terraform,dlm:managed,true,MaintainedBY,DevOps,spotinst:aws:ec2:group:createdBy,spotinst,aws:dlm:lifecycle-schedule-name,2 weeks of daily snapshots,aws:dlm:lifecycle-policy-id,policy-0a56edde1220152f1,SnapshotCreator,DLM,Snapshot,true
Created for policy: policy-0a56edde1220152f1 schedule: 2 weeks of daily snapshots,false,086685601027,100%,snap-08822b2bdd99e828d,2021-12-03T00:15:22.203Z,completed,vol-00bfbde266edc1314,30,standard,,aws:dlm:lifecycle-schedule-name,2 weeks of daily snapshots,spotinst:aws:ec2:group:createdBy,spotinst,dlm:managed,true,CreatedBy,terraform,SnapshotCreator,DLM,aws:dlm:lifecycle-policy-id,policy-0a56edde1220152f1,Snapshot,true,MaintainedBY,DevOps,Name,node-exporter
Created for policy: policy-0a56edde1220152f1 schedule: 2 weeks of daily snapshots,false,086685601027,100%,snap-0c6d508eca346886e,2021-12-03T00:15:22.944Z,completed,vol-0447916d5f9bb0786,30,standard,,aws:dlm:lifecycle-policy-id,policy-0a56edde1220152f1,dlm:managed,true,spotinst:aws:ec2:group:createdBy,spotinst,SnapshotCreator,DLM,CreatedBy,terraform,aws:dlm:lifecycle-schedule-name,2 weeks of daily snapshots,Name,sonarqube,Snapshot,true,MaintainedBY,DevOps
Created for policy: policy-0a56edde1220152f1 schedule: 2 weeks of daily snapshots,false,086685601027,100%,snap-09e1cae70759496a6,2021-12-03T00:13:24.063Z,completed,vol-05b9254ec1fdb8fc1,30,standard,,Snapshot,true,aws:dlm:lifecycle-policy-id,policy-0a56edde1220152f1,SnapshotCreator,DLM,CreatedBy,terraform,spotinst:aws:ec2:group:createdBy,spotinst,dlm:managed,true,MaintainedBY,DevOps,Name,artifactory,aws:dlm:lifecycle-schedule-name,2 weeks of daily snapshots
Created for policy: policy-0a56edde1220152f1 schedule: 2 weeks of daily snapshots,false,086685601027,100%,snap-0c90211f064e53cb2,2021-12-02T00:23:24.714Z,completed,vol-05b9254ec1fdb8fc1,30,standard,,aws:dlm:lifecycle-policy-id,policy-0a56edde1220152f1,spotinst:aws:ec2:group:createdBy,spotinst,SnapshotCreator,DLM,CreatedBy,terraform,MaintainedBY,DevOps,Snapshot,true,dlm:managed,true,aws:dlm:lifecycle-schedule-name,2 weeks of daily snapshots,Name,artifactory
Created for policy: policy-0a56edde1220152f1 schedule: 2 weeks of daily snapshots,false,086685601027,100%,snap-06307500de7ae5176,2021-12-02T00:12:33.139Z,completed,vol-0447916d5f9bb0786,30,standard,,aws:dlm:lifecycle-schedule-name,2 weeks of daily snapshots,CreatedBy,terraform,MaintainedBY,DevOps,Snapshot,true,SnapshotCreator,DLM,Name,sonarqube,aws:dlm:lifecycle-policy-id,policy-0a56edde1220152f1,dlm:managed,true,spotinst:aws:ec2:group:createdBy,spotinst
Created for policy: policy-0a56edde1220152f1 schedule: 2 weeks of daily snapshots,false,086685601027,100%,snap-0d75fb42d470dd50e,2021-12-02T00:12:32.439Z,completed,vol-00bfbde266edc1314,30,standard,,aws:dlm:lifecycle-policy-id,policy-0a56edde1220152f1,aws:dlm:lifecycle-schedule-name,2 weeks of daily snapshots,spotinst:aws:ec2:group:createdBy,spotinst,dlm:managed,true,Name,node-exporter,SnapshotCreator,DLM,MaintainedBY,DevOps,CreatedBy,terraform,Snapshot,true
Created for policy: policy-0a56edde1220152f1 schedule: 2 weeks of daily snapshots,false,086685601027,100%,snap-082848b68981940fc,2021-12-01T00:24:52.962Z,completed,vol-00bfbde266edc1314,30,standard,,dlm:managed,true,CreatedBy,terraform,Name,node-exporter,aws:dlm:lifecycle-schedule-name,2 weeks of daily snapshots,SnapshotCreator,DLM,spotinst:aws:ec2:group:createdBy,spotinst,aws:dlm:lifecycle-policy-id,policy-0a56edde1220152f1,Snapshot,true,MaintainedBY,DevOps
Created for policy: policy-0a56edde1220152f1 schedule: 2 weeks of daily snapshots,false,086685601027,100%,snap-0f93a5f46898d2373,2021-12-01T00:24:53.678Z,completed,vol-0447916d5f9bb0786,30,standard,,CreatedBy,terraform,aws:dlm:lifecycle-schedule-name,2 weeks of daily snapshots,dlm:managed,true,spotinst:aws:ec2:group:createdBy,spotinst,MaintainedBY,DevOps,Name,sonarqube,Snapshot,true,SnapshotCreator,DLM,aws:dlm:lifecycle-policy-id,policy-0a56edde1220152f1
Created for policy: policy-0a56edde1220152f1 schedule: 2 weeks of daily snapshots,false,086685601027,100%,snap-0f2a0d305a41fafbe,2021-12-01T00:16:31.231Z,completed,vol-05b9254ec1fdb8fc1,30,standard,,Name,artifactory,aws:dlm:lifecycle-schedule-name,2 weeks of daily snapshots,dlm:managed,true,spotinst:aws:ec2:group:createdBy,spotinst,MaintainedBY,DevOps,Snapshot,true,SnapshotCreator,DLM,aws:dlm:lifecycle-policy-id,policy-0a56edde1220152f1,CreatedBy,terraform
,false,086685601027,100%,snap-0acd0e0ef11d37fb3,2022-02-14T12:10:03.109Z,completed,vol-01fe21c1a60819de7,300,standard,,spotinst:aws:ec2:group:createdBy,spotinst,CreatedBy,terraform,Name,jenkins-master-test,MaintainedBY,DevOps,spotinst:aws:ec2:group:id,sig-51412910,Snapshot,true,spotinst:accountId,act-bf1b8e33,,,,
,false,086685601027,100%,snap-0ef16e327074839a5,2022-02-14T12:10:00.802Z,completed,vol-059a7651f11a28405,500,standard,,MaintainedBY,DevOps,Name,artifactory,spotinst:accountId,act-bf1b8e33,CreatedBy,terraform,Snapshot,true,spotinst:aws:ec2:group:id,sig-d7251a8f,spotinst:aws:ec2:group:createdBy,spotinst,,,,
,false,086685601027,100%,snap-006969b05d839c938,2022-02-14T12:00:00.528Z,completed,vol-01fe21c1a60819de7,300,standard,,spotinst:aws:ec2:group:createdBy,spotinst,MaintainedBY,DevOps,Name,jenkins-master-test,CreatedBy,terraform,spotinst:accountId,act-bf1b8e33,spotinst:aws:ec2:group:id,sig-51412910,Snapshot,true,,,,
,false,086685601027,100%,snap-015ef733194852ae8,2022-02-14T12:04:59.882Z,completed,vol-059a7651f11a28405,500,standard,,spotinst:aws:ec2:group:id,sig-d7251a8f,MaintainedBY,DevOps,Snapshot,true,CreatedBy,terraform,Name,artifactory,spotinst:accountId,act-bf1b8e33,spotinst:aws:ec2:group:createdBy,spotinst,,,,
Created for policy: policy-0a56edde1220152f1 schedule: 2 weeks of daily snapshots,false,086685601027,100%,snap-084a8d5fa5b6c12d6,2022-02-14T00:21:19.573Z,completed,vol-05bbef24d8c916a3c,30,standard,,dlm:managed,true,MaintainedBY,DevOps,Snapshot,true,SnapshotCreator,DLM,CreatedBy,terraform,aws:dlm:lifecycle-policy-id,policy-0a56edde1220152f1,spotinst:aws:ec2:group:createdBy,spotinst,Name,artifactory,aws:dlm:lifecycle-schedule-name,2 weeks of daily snapshots
Created for policy: policy-0a56edde1220152f1 schedule: 2 weeks of daily snapshots,false,086685601027,100%,snap-00f10f9257a69e430,2022-02-13T00:19:00.066Z,completed,vol-05bbef24d8c916a3c,30,standard,,aws:dlm:lifecycle-policy-id,policy-0a56edde1220152f1,spotinst:aws:ec2:group:createdBy,spotinst,aws:dlm:lifecycle-schedule-name,2 weeks of daily snapshots,dlm:managed,true,Name,artifactory,MaintainedBY,DevOps,Snapshot,true,SnapshotCreator,DLM,CreatedBy,terraform
jenkins-argocd-snapshot,false,086685601027,100%,snap-08ab70b038dd19fdf,2022-02-12T17:36:08.154Z,completed,vol-01fe21c1a60819de7,300,standard,,Name,jenkins-argocd-snapshot,,,,,,,,,,,,,,,,
Created for policy: policy-0a56edde1220152f1 schedule: 2 weeks of daily snapshots,false,086685601027,100%,snap-083e68106b33d08fc,2022-02-12T00:21:54.933Z,completed,vol-0e805cda17d0b565d,30,standard,,aws:dlm:lifecycle-policy-id,policy-0a56edde1220152f1,Snapshot,true,Name,sonarqube,MaintainedBY,DevOps,dlm:managed,true,CreatedBy,terraform,aws:dlm:lifecycle-schedule-name,2 weeks of daily snapshots,SnapshotCreator,DLM,spotinst:aws:ec2:group:createdBy,spotinst
Created for policy: policy-0a56edde1220152f1 schedule: 2 weeks of daily snapshots,false,086685601027,100%,snap-0fe96466e3305a0a2,2022-02-12T00:19:35.752Z,completed,vol-05bbef24d8c916a3c,30,standard,,CreatedBy,terraform,Name,artifactory,dlm:managed,true,aws:dlm:lifecycle-schedule-name,2 weeks of daily snapshots,SnapshotCreator,DLM,spotinst:aws:ec2:group:createdBy,spotinst,aws:dlm:lifecycle-policy-id,policy-0a56edde1220152f1,Snapshot,true,MaintainedBY,DevOps
Created for policy: policy-0a56edde1220152f1 schedule: 2 weeks of daily snapshots,false,086685601027,100%,snap-0cacc064460c142d1,2022-02-11T00:19:34.132Z,completed,vol-0e805cda17d0b565d,30,standard,,dlm:managed,true,aws:dlm:lifecycle-schedule-name,2 weeks of daily snapshots,Snapshot,true,Name,sonarqube,MaintainedBY,DevOps,spotinst:aws:ec2:group:createdBy,spotinst,CreatedBy,terraform,SnapshotCreator,DLM,aws:dlm:lifecycle-policy-id,policy-0a56edde1220152f1
Created for policy: policy-0a56edde1220152f1 schedule: 2 weeks of daily snapshots,false,086685601027,100%,snap-0a2217cbb8b5a4999,2022-02-11T00:12:05.273Z,completed,vol-05bbef24d8c916a3c,30,standard,,spotinst:aws:ec2:group:createdBy,spotinst,aws:dlm:lifecycle-policy-id,policy-0a56edde1220152f1,CreatedBy,terraform,Name,artifactory,aws:dlm:lifecycle-schedule-name,2 weeks of daily snapshots,dlm:managed,true,SnapshotCreator,DLM,MaintainedBY,DevOps,Snapshot,true
Created for policy: policy-0a56edde1220152f1 schedule: 2 weeks of daily snapshots,false,086685601027,100%,snap-0e93bec7358f67324,2022-02-10T00:24:21.175Z,completed,vol-0e805cda17d0b565d,30,standard,,Snapshot,true,SnapshotCreator,DLM,aws:dlm:lifecycle-policy-id,policy-0a56edde1220152f1,CreatedBy,terraform,aws:dlm:lifecycle-schedule-name,2 weeks of daily snapshots,dlm:managed,true,spotinst:aws:ec2:group:createdBy,spotinst,MaintainedBY,DevOps,Name,sonarqube
Created for policy: policy-0a56edde1220152f1 schedule: 2 weeks of daily snapshots,false,086685601027,100%,snap-09943ac18740af770,2022-02-10T00:13:31.566Z,completed,vol-05bbef24d8c916a3c,30,standard,,spotinst:aws:ec2:group:createdBy,spotinst,CreatedBy,terraform,Name,artifactory,aws:dlm:lifecycle-schedule-name,2 weeks of daily snapshots,dlm:managed,true,aws:dlm:lifecycle-policy-id,policy-0a56edde1220152f1,Snapshot,true,SnapshotCreator,DLM,MaintainedBY,DevOps
Created for policy: policy-0a56edde1220152f1 schedule: 2 weeks of daily snapshots,false,086685601027,100%,snap-0fb2fa8ce4d7d5be3,2022-02-09T00:23:39.678Z,completed,vol-0e805cda17d0b565d,30,standard,,aws:dlm:lifecycle-policy-id,policy-0a56edde1220152f1,CreatedBy,terraform,Snapshot,true,dlm:managed,true,Name,sonarqube,SnapshotCreator,DLM,MaintainedBY,DevOps,aws:dlm:lifecycle-schedule-name,2 weeks of daily snapshots,spotinst:aws:ec2:group:createdBy,spotinst
Created for policy: policy-0a56edde1220152f1 schedule: 2 weeks of daily snapshots,false,086685601027,100%,snap-0429bcf5c66879362,2022-02-09T00:10:43.708Z,completed,vol-05bbef24d8c916a3c,30,standard,,SnapshotCreator,DLM,aws:dlm:lifecycle-policy-id,policy-0a56edde1220152f1,spotinst:aws:ec2:group:createdBy,spotinst,dlm:managed,true,CreatedBy,terraform,Name,artifactory,aws:dlm:lifecycle-schedule-name,2 weeks of daily snapshots,MaintainedBY,DevOps,Snapshot,true
Created for policy: policy-0a56edde1220152f1 schedule: 2 weeks of daily snapshots,false,086685601027,100%,snap-072fa697da9d8b960,2022-02-08T00:17:18.131Z,completed,vol-0e805cda17d0b565d,30,standard,,dlm:managed,true,aws:dlm:lifecycle-schedule-name,2 weeks of daily snapshots,SnapshotCreator,DLM,CreatedBy,terraform,aws:dlm:lifecycle-policy-id,policy-0a56edde1220152f1,spotinst:aws:ec2:group:createdBy,spotinst,Snapshot,true,MaintainedBY,DevOps,Name,sonarqube
Created for policy: policy-0a56edde1220152f1 schedule: 2 weeks of daily snapshots,false,086685601027,100%,snap-04c07ad1a35347b10,2022-02-08T00:15:59.503Z,completed,vol-05bbef24d8c916a3c,30,standard,,aws:dlm:lifecycle-policy-id,policy-0a56edde1220152f1,aws:dlm:lifecycle-schedule-name,2 weeks of daily snapshots,dlm:managed,true,spotinst:aws:ec2:group:createdBy,spotinst,MaintainedBY,DevOps,Name,artifactory,SnapshotCreator,DLM,CreatedBy,terraform,Snapshot,true
,false,086685601027,100%,snap-00cbce449fbfd87e4,2022-02-07T22:31:53.371Z,completed,vol-03a59e9bf0e4b9947,4,standard,,,,,,,,,,,,,,,,,,,
,false,086685601027,100%,snap-08fd1f30fac151a57,2022-02-07T22:31:47.990Z,completed,vol-0045bfa2703cd4430,8,standard,,,,,,,,,,,,,,,,,,,
Created for policy: policy-0a56edde1220152f1 schedule: 2 weeks of daily snapshots,false,086685601027,100%,snap-0f91ad2f89679452f,2022-02-07T00:22:13.139Z,completed,vol-0e805cda17d0b565d,30,standard,,spotinst:aws:ec2:group:createdBy,spotinst,CreatedBy,terraform,SnapshotCreator,DLM,aws:dlm:lifecycle-policy-id,policy-0a56edde1220152f1,dlm:managed,true,aws:dlm:lifecycle-schedule-name,2 weeks of daily snapshots,Snapshot,true,MaintainedBY,DevOps,Name,sonarqube
Created for policy: policy-0a56edde1220152f1 schedule: 2 weeks of daily snapshots,false,086685601027,100%,snap-0711bf4b9d054b22d,2022-02-07T00:12:34.672Z,completed,vol-05bbef24d8c916a3c,30,standard,,aws:dlm:lifecycle-policy-id,policy-0a56edde1220152f1,SnapshotCreator,DLM,spotinst:aws:ec2:group:createdBy,spotinst,dlm:managed,true,aws:dlm:lifecycle-schedule-name,2 weeks of daily snapshots,CreatedBy,terraform,Name,artifactory,MaintainedBY,DevOps,Snapshot,true
Created for policy: policy-0a56edde1220152f1 schedule: 2 weeks of daily snapshots,false,086685601027,100%,snap-0a9ae96a69aec4a34,2022-02-06T00:20:41.502Z,completed,vol-0e805cda17d0b565d,30,standard,,spotinst:aws:ec2:group:createdBy,spotinst,aws:dlm:lifecycle-policy-id,policy-0a56edde1220152f1,CreatedBy,terraform,Name,sonarqube,Snapshot,true,MaintainedBY,DevOps,SnapshotCreator,DLM,aws:dlm:lifecycle-schedule-name,2 weeks of daily snapshots,dlm:managed,true
Created for policy: policy-0a56edde1220152f1 schedule: 2 weeks of daily snapshots,false,086685601027,100%,snap-0999d5e737f8a53c1,2022-02-06T00:11:59.975Z,completed,vol-05bbef24d8c916a3c,30,standard,,Snapshot,true,MaintainedBY,DevOps,spotinst:aws:ec2:group:createdBy,spotinst,CreatedBy,terraform,Name,artifactory,aws:dlm:lifecycle-schedule-name,2 weeks of daily snapshots,dlm:managed,true,SnapshotCreator,DLM,aws:dlm:lifecycle-policy-id,policy-0a56edde1220152f1
Created for policy: policy-0a56edde1220152f1 schedule: 2 weeks of daily snapshots,false,086685601027,100%,snap-0af5f6e7621dad2a4,2022-02-05T00:23:47.488Z,completed,vol-0e805cda17d0b565d,30,standard,,spotinst:aws:ec2:group:createdBy,spotinst,aws:dlm:lifecycle-policy-id,policy-0a56edde1220152f1,CreatedBy,terraform,Name,sonarqube,MaintainedBY,DevOps,SnapshotCreator,DLM,Snapshot,true,dlm:managed,true,aws:dlm:lifecycle-schedule-name,2 weeks of daily snapshots
Created for policy: policy-0a56edde1220152f1 schedule: 2 weeks of daily snapshots,false,086685601027,100%,snap-0b7977d92d78cf467,2022-02-05T00:11:52.160Z,completed,vol-05bbef24d8c916a3c,30,standard,,spotinst:aws:ec2:group:createdBy,spotinst,dlm:managed,true,Name,artifactory,aws:dlm:lifecycle-schedule-name,2 weeks of daily snapshots,Snapshot,true,SnapshotCreator,DLM,MaintainedBY,DevOps,aws:dlm:lifecycle-policy-id,policy-0a56edde1220152f1,CreatedBy,terraform
Created for policy: policy-0a56edde1220152f1 schedule: 2 weeks of daily snapshots,false,086685601027,100%,snap-0dced0d001ffaa5ee,2022-02-04T00:24:49.880Z,completed,vol-05bbef24d8c916a3c,30,standard,,SnapshotCreator,DLM,Snapshot,true,MaintainedBY,DevOps,CreatedBy,terraform,spotinst:aws:ec2:group:createdBy,spotinst,aws:dlm:lifecycle-policy-id,policy-0a56edde1220152f1,Name,artifactory,aws:dlm:lifecycle-schedule-name,2 weeks of daily snapshots,dlm:managed,true
Created for policy: policy-0a56edde1220152f1 schedule: 2 weeks of daily snapshots,false,086685601027,100%,snap-09dca410ad3e71af7,2022-02-04T00:15:29.201Z,completed,vol-0e805cda17d0b565d,30,standard,,aws:dlm:lifecycle-schedule-name,2 weeks of daily snapshots,CreatedBy,terraform,SnapshotCreator,DLM,spotinst:aws:ec2:group:createdBy,spotinst,dlm:managed,true,aws:dlm:lifecycle-policy-id,policy-0a56edde1220152f1,Name,sonarqube,MaintainedBY,DevOps,Snapshot,true
Created for policy: policy-0a56edde1220152f1 schedule: 2 weeks of daily snapshots,false,086685601027,100%,snap-0d1223edfe2387924,2022-02-03T00:10:53.044Z,completed,vol-05bbef24d8c916a3c,30,standard,,CreatedBy,terraform,Name,artifactory,aws:dlm:lifecycle-schedule-name,2 weeks of daily snapshots,dlm:managed,true,MaintainedBY,DevOps,spotinst:aws:ec2:group:createdBy,spotinst,Snapshot,true,SnapshotCreator,DLM,aws:dlm:lifecycle-policy-id,policy-0a56edde1220152f1
Created for policy: policy-0a56edde1220152f1 schedule: 2 weeks of daily snapshots,false,086685601027,100%,snap-094e04e0d9adb9fd9,2022-02-03T00:11:16.126Z,completed,vol-0e805cda17d0b565d,30,standard,,CreatedBy,terraform,aws:dlm:lifecycle-schedule-name,2 weeks of daily snapshots,dlm:managed,true,SnapshotCreator,DLM,aws:dlm:lifecycle-policy-id,policy-0a56edde1220152f1,Snapshot,true,Name,sonarqube,spotinst:aws:ec2:group:createdBy,spotinst,MaintainedBY,DevOps
Created for policy: policy-0a56edde1220152f1 schedule: 2 weeks of daily snapshots,false,086685601027,100%,snap-0ccd9d3c3ba1ab01d,2022-02-02T00:13:37.514Z,completed,vol-05bbef24d8c916a3c,30,standard,,CreatedBy,terraform,aws:dlm:lifecycle-schedule-name,2 weeks of daily snapshots,Name,artifactory,MaintainedBY,DevOps,Snapshot,true,SnapshotCreator,DLM,aws:dlm:lifecycle-policy-id,policy-0a56edde1220152f1,dlm:managed,true,spotinst:aws:ec2:group:createdBy,spotinst
Created for policy: policy-0a56edde1220152f1 schedule: 2 weeks of daily snapshots,false,086685601027,100%,snap-034d8eebfae22a049,2022-02-02T00:13:19.567Z,completed,vol-0e805cda17d0b565d,30,standard,,Snapshot,true,SnapshotCreator,DLM,aws:dlm:lifecycle-schedule-name,2 weeks of daily snapshots,MaintainedBY,DevOps,Name,sonarqube,spotinst:aws:ec2:group:createdBy,spotinst,dlm:managed,true,aws:dlm:lifecycle-policy-id,policy-0a56edde1220152f1,CreatedBy,terraform
Created for policy: policy-0a56edde1220152f1 schedule: 2 weeks of daily snapshots,false,086685601027,100%,snap-05e7ec7f99e3bd029,2022-02-01T00:16:59.768Z,completed,vol-0e805cda17d0b565d,30,standard,,MaintainedBY,DevOps,Name,sonarqube,aws:dlm:lifecycle-schedule-name,2 weeks of daily snapshots,CreatedBy,terraform,SnapshotCreator,DLM,dlm:managed,true,aws:dlm:lifecycle-policy-id,policy-0a56edde1220152f1,spotinst:aws:ec2:group:createdBy,spotinst,Snapshot,true
Created for policy: policy-0a56edde1220152f1 schedule: 2 weeks of daily snapshots,false,086685601027,100%,snap-00a0aee74b22efad8,2022-02-01T00:10:44.633Z,completed,vol-05bbef24d8c916a3c,30,standard,,MaintainedBY,DevOps,Snapshot,true,CreatedBy,terraform,Name,artifactory,aws:dlm:lifecycle-schedule-name,2 weeks of daily snapshots,aws:dlm:lifecycle-policy-id,policy-0a56edde1220152f1,spotinst:aws:ec2:group:createdBy,spotinst,SnapshotCreator,DLM,dlm:managed,true
jenkins-ss-to-copy,false,086685601027,100%,snap-09b827805d3c74a28,2022-01-31T16:53:19.235Z,completed,vol-01fe21c1a60819de7,300,standard,,Name,jenkins-ss-to-copy,,,,,,,,,,,,,,,,
jenkins-data-to-copy,false,086685601027,100%,snap-01622e7c693e1fad0,2022-01-31T16:15:11.757Z,completed,vol-01fe21c1a60819de7,300,standard,,Name,jenkins-data-to-copy,,,,,,,,,,,,,,,,
Created for policy: policy-0a56edde1220152f1 schedule: 2 weeks of daily snapshots,false,086685601027,100%,snap-07c48143eef1f5c4d,2022-01-31T00:25:19.423Z,completed,vol-0e805cda17d0b565d,30,standard,,aws:dlm:lifecycle-policy-id,policy-0a56edde1220152f1,Snapshot,true,dlm:managed,true,aws:dlm:lifecycle-schedule-name,2 weeks of daily snapshots,MaintainedBY,DevOps,CreatedBy,terraform,Name,sonarqube,SnapshotCreator,DLM,spotinst:aws:ec2:group:createdBy,spotinst
Created for policy: policy-0a56edde1220152f1 schedule: 2 weeks of daily snapshots,false,086685601027,100%,snap-071d78cdbbcb7f622,2022-01-30T00:15:36.616Z,completed,vol-0e805cda17d0b565d,30,standard,,spotinst:aws:ec2:group:createdBy,spotinst,aws:dlm:lifecycle-schedule-name,2 weeks of daily snapshots,MaintainedBY,DevOps,Name,sonarqube,SnapshotCreator,DLM,Snapshot,true,CreatedBy,terraform,dlm:managed,true,aws:dlm:lifecycle-policy-id,policy-0a56edde1220152f1
created by script,false,086685601027,100%,snap-0be32823d7241d2a2,2022-01-28T10:34:09.720Z,completed,vol-01fe21c1a60819de7,300,standard,,Name,jenkins-master-test,,,,,,,,,,,,,,,,
Created for policy: policy-0a56edde1220152f1 schedule: 2 weeks of daily snapshots,false,086685601027,100%,snap-0621c8c87651219db,2022-01-27T00:21:50.445Z,completed,vol-073f481d687ff31ce,30,standard,,dlm:managed,true,CreatedBy,terraform,aws:dlm:lifecycle-schedule-name,2 weeks of daily snapshots,Snapshot,true,Name,sonarqube,MaintainedBY,DevOps,aws:dlm:lifecycle-policy-id,policy-0a56edde1220152f1,SnapshotCreator,DLM,spotinst:aws:ec2:group:createdBy,spotinst
created by script,false,086685601027,100%,snap-04dad3cb3dd5a556a,2022-01-26T13:26:04.246Z,completed,vol-059a7651f11a28405,500,standard,,Name,artifactory,,,,,,,,,,,,,,,,
Created for policy: policy-0a56edde1220152f1 schedule: 2 weeks of daily snapshots,false,086685601027,100%,snap-06e396e8dbde3356a,2022-01-26T00:15:50.620Z,completed,vol-073f481d687ff31ce,30,standard,,CreatedBy,terraform,aws:dlm:lifecycle-schedule-name,2 weeks of daily snapshots,MaintainedBY,DevOps,Name,sonarqube,Snapshot,true,aws:dlm:lifecycle-policy-id,policy-0a56edde1220152f1,spotinst:aws:ec2:group:createdBy,spotinst,SnapshotCreator,DLM,dlm:managed,true
Created for policy: policy-0a56edde1220152f1 schedule: 2 weeks of daily snapshots,false,086685601027,100%,snap-0b3df58317fbcc3e1,2022-01-25T00:16:31.705Z,completed,vol-073f481d687ff31ce,30,standard,,MaintainedBY,DevOps,Snapshot,true,dlm:managed,true,Name,sonarqube,aws:dlm:lifecycle-schedule-name,2 weeks of daily snapshots,aws:dlm:lifecycle-policy-id,policy-0a56edde1220152f1,spotinst:aws:ec2:group:createdBy,spotinst,SnapshotCreator,DLM,CreatedBy,terraform
Created for policy: policy-0a56edde1220152f1 schedule: 2 weeks of daily snapshots,false,086685601027,100%,snap-01b73c2bec22c2ed2,2022-01-24T00:18:37.605Z,completed,vol-073f481d687ff31ce,30,standard,,Snapshot,true,Name,sonarqube,SnapshotCreator,DLM,MaintainedBY,DevOps,spotinst:aws:ec2:group:createdBy,spotinst,CreatedBy,terraform,aws:dlm:lifecycle-schedule-name,2 weeks of daily snapshots,dlm:managed,true,aws:dlm:lifecycle-policy-id,policy-0a56edde1220152f1
Created for policy: policy-0a56edde1220152f1 schedule: 2 weeks of daily snapshots,false,086685601027,100%,snap-092428a82744875bc,2022-01-23T00:19:43.000Z,completed,vol-073f481d687ff31ce,30,standard,,Name,sonarqube,Snapshot,true,MaintainedBY,DevOps,CreatedBy,terraform,dlm:managed,true,aws:dlm:lifecycle-schedule-name,2 weeks of daily snapshots,SnapshotCreator,DLM,spotinst:aws:ec2:group:createdBy,spotinst,aws:dlm:lifecycle-policy-id,policy-0a56edde1220152f1
Created for policy: policy-0a56edde1220152f1 schedule: 2 weeks of daily snapshots,false,086685601027,100%,snap-0c90a487a3b519e11,2022-01-22T00:23:49.606Z,completed,vol-073f481d687ff31ce,30,standard,,aws:dlm:lifecycle-schedule-name,2 weeks of daily snapshots,CreatedBy,terraform,MaintainedBY,DevOps,Snapshot,true,Name,sonarqube,SnapshotCreator,DLM,aws:dlm:lifecycle-policy-id,policy-0a56edde1220152f1,spotinst:aws:ec2:group:createdBy,spotinst,dlm:managed,true
Created for policy: policy-0a56edde1220152f1 schedule: 2 weeks of daily snapshots,false,086685601027,100%,snap-0150678c79856e20a,2022-01-17T00:24:41.606Z,completed,vol-0ec4b87eac1969ce4,30,standard,,SnapshotCreator,DLM,MaintainedBY,DevOps,Snapshot,true,dlm:managed,true,Name,jenkins-master-test,aws:dlm:lifecycle-policy-id,policy-0a56edde1220152f1,CreatedBy,terraform,spotinst:aws:ec2:group:createdBy,spotinst,aws:dlm:lifecycle-schedule-name,2 weeks of daily snapshots
Created for policy: policy-0a56edde1220152f1 schedule: 2 weeks of daily snapshots,false,086685601027,100%,snap-092ec8b82ecd59f23,2022-01-16T00:23:13.896Z,completed,vol-073f481d687ff31ce,30,standard,,SnapshotCreator,DLM,Name,sonarqube,MaintainedBY,DevOps,Snapshot,true,aws:dlm:lifecycle-schedule-name,2 weeks of daily snapshots,CreatedBy,terraform,aws:dlm:lifecycle-policy-id,policy-0a56edde1220152f1,dlm:managed,true,spotinst:aws:ec2:group:createdBy,spotinst
Created for policy: policy-0a56edde1220152f1 schedule: 2 weeks of daily snapshots,false,086685601027,100%,snap-04a3a0f940b92c59d,2022-01-16T00:23:08.736Z,completed,vol-0ec4b87eac1969ce4,30,standard,,SnapshotCreator,DLM,Snapshot,true,Name,jenkins-master-test,CreatedBy,terraform,dlm:managed,true,aws:dlm:lifecycle-policy-id,policy-0a56edde1220152f1,spotinst:aws:ec2:group:createdBy,spotinst,aws:dlm:lifecycle-schedule-name,2 weeks of daily snapshots,MaintainedBY,DevOps
Created for policy: policy-0a56edde1220152f1 schedule: 2 weeks of daily snapshots,false,086685601027,100%,snap-00ef9d4dbf87bc79f,2022-01-15T00:14:17.673Z,completed,vol-0ec4b87eac1969ce4,30,standard,,aws:dlm:lifecycle-schedule-name,2 weeks of daily snapshots,CreatedBy,terraform,Name,jenkins-master-test,MaintainedBY,DevOps,Snapshot,true,SnapshotCreator,DLM,aws:dlm:lifecycle-policy-id,policy-0a56edde1220152f1,spotinst:aws:ec2:group:createdBy,spotinst,dlm:managed,true
Created for policy: policy-0a56edde1220152f1 schedule: 2 weeks of daily snapshots,false,086685601027,100%,snap-02fdab9dfd93e40ff,2022-01-15T00:14:22.512Z,completed,vol-073f481d687ff31ce,30,standard,,aws:dlm:lifecycle-policy-id,policy-0a56edde1220152f1,dlm:managed,true,spotinst:aws:ec2:group:createdBy,spotinst,SnapshotCreator,DLM,CreatedBy,terraform,aws:dlm:lifecycle-schedule-name,2 weeks of daily snapshots,MaintainedBY,DevOps,Name,sonarqube,Snapshot,true
,false,086685601027,100%,snap-0d1c801841dc86e7c,2022-01-13T09:30:01.008Z,completed,vol-0679150970d9628a0,8,standard,,Name,node-exporter,spotinst:accountId,act-bf1b8e33,CreatedBy,terraform,spotinst:aws:ec2:group:createdBy,spotinst,spotinst:aws:ec2:group:id,sig-cfe90f70,Snapshot,true,MaintainedBY,DevOps,,,,
,false,086685601027,100%,snap-06d0d182662633956,2022-01-13T09:24:59.903Z,completed,vol-0679150970d9628a0,8,standard,,MaintainedBY,DevOps,Snapshot,true,CreatedBy,terraform,spotinst:aws:ec2:group:id,sig-cfe90f70,spotinst:aws:ec2:group:createdBy,spotinst,Name,node-exporter,spotinst:accountId,act-bf1b8e33,,,,
,false,086685601027,100%,snap-0afecc2c0b2573457,2022-01-13T09:20:00.503Z,completed,vol-015e407d2b451d0f2,8,standard,,spotinst:aws:ec2:group:createdBy,spotinst,Name,prometheus,spotinst:accountId,act-bf1b8e33,MaintainedBY,DevOps,Snapshot,true,CreatedBy,terraform,spotinst:aws:ec2:group:id,sig-7620ca32,,,,
Created for policy: policy-0a56edde1220152f1 schedule: 2 weeks of daily snapshots,false,086685601027,100%,snap-09c1d2d31c32d549c,2022-01-13T00:23:30.722Z,completed,vol-0c5405fa9f61a54e5,30,standard,,Snapshot,true,Name,node-exporter,aws:dlm:lifecycle-schedule-name,2 weeks of daily snapshots,MaintainedBY,DevOps,spotinst:aws:ec2:group:createdBy,spotinst,CreatedBy,terraform,dlm:managed,true,aws:dlm:lifecycle-policy-id,policy-0a56edde1220152f1,SnapshotCreator,DLM
Created for policy: policy-0a56edde1220152f1 schedule: 2 weeks of daily snapshots,false,086685601027,100%,snap-02c5f4b82356847aa,2022-01-13T00:14:55.634Z,completed,vol-0fed115fd2f23a465,30,standard,,aws:dlm:lifecycle-schedule-name,2 weeks of daily snapshots,CreatedBy,terraform,spotinst:aws:ec2:group:createdBy,spotinst,SnapshotCreator,DLM,dlm:managed,true,aws:dlm:lifecycle-policy-id,policy-0a56edde1220152f1,MaintainedBY,DevOps,Name,prometheus,Snapshot,true
Created for policy: policy-0a56edde1220152f1 schedule: 2 weeks of daily snapshots,false,086685601027,100%,snap-0eed3e46cd3ffedd8,2022-01-12T00:16:13.936Z,completed,vol-0171bb49bb958f568,30,standard,,CreatedBy,terraform,spotinst:aws:ec2:group:createdBy,spotinst,aws:dlm:lifecycle-schedule-name,2 weeks of daily snapshots,Name,sonarqube,MaintainedBY,DevOps,Snapshot,true,aws:dlm:lifecycle-policy-id,policy-0a56edde1220152f1,dlm:managed,true,SnapshotCreator,DLM
Created for policy: policy-0a56edde1220152f1 schedule: 2 weeks of daily snapshots,false,086685601027,100%,snap-0516dfeb000c807a4,2022-01-12T00:11:47.576Z,completed,vol-0fed115fd2f23a465,30,standard,,dlm:managed,true,CreatedBy,terraform,aws:dlm:lifecycle-schedule-name,2 weeks of daily snapshots,Snapshot,true,MaintainedBY,DevOps,Name,prometheus,aws:dlm:lifecycle-policy-id,policy-0a56edde1220152f1,SnapshotCreator,DLM,spotinst:aws:ec2:group:createdBy,spotinst
Created for policy: policy-0a56edde1220152f1 schedule: 2 weeks of daily snapshots,false,086685601027,100%,snap-073a28eae0bbf1f1b,2022-01-11T00:20:15.052Z,completed,vol-0c5405fa9f61a54e5,30,standard,,MaintainedBY,DevOps,Name,node-exporter,SnapshotCreator,DLM,aws:dlm:lifecycle-schedule-name,2 weeks of daily snapshots,dlm:managed,true,spotinst:aws:ec2:group:createdBy,spotinst,aws:dlm:lifecycle-policy-id,policy-0a56edde1220152f1,CreatedBy,terraform,Snapshot,true
Created for policy: policy-0a56edde1220152f1 schedule: 2 weeks of daily snapshots,false,086685601027,100%,snap-0840f50bd679b4cec,2022-01-10T00:17:11.431Z,completed,vol-0c5405fa9f61a54e5,30,standard,,aws:dlm:lifecycle-policy-id,policy-0a56edde1220152f1,aws:dlm:lifecycle-schedule-name,2 weeks of daily snapshots,dlm:managed,true,spotinst:aws:ec2:group:createdBy,spotinst,MaintainedBY,DevOps,SnapshotCreator,DLM,CreatedBy,terraform,Name,node-exporter,Snapshot,true
Created for policy: policy-0a56edde1220152f1 schedule: 2 weeks of daily snapshots,false,086685601027,100%,snap-0e8b816333e352ed3,2022-01-09T00:23:44.129Z,completed,vol-0171bb49bb958f568,30,standard,,MaintainedBY,DevOps,Snapshot,true,dlm:managed,true,SnapshotCreator,DLM,CreatedBy,terraform,aws:dlm:lifecycle-policy-id,policy-0a56edde1220152f1,spotinst:aws:ec2:group:createdBy,spotinst,Name,sonarqube,aws:dlm:lifecycle-schedule-name,2 weeks of daily snapshots
Created for policy: policy-0a56edde1220152f1 schedule: 2 weeks of daily snapshots,false,086685601027,100%,snap-0ceba42aea0ba4577,2022-01-09T00:23:44.860Z,completed,vol-0c5405fa9f61a54e5,30,standard,,spotinst:aws:ec2:group:createdBy,spotinst,aws:dlm:lifecycle-policy-id,policy-0a56edde1220152f1,CreatedBy,terraform,Snapshot,true,MaintainedBY,DevOps,SnapshotCreator,DLM,Name,node-exporter,aws:dlm:lifecycle-schedule-name,2 weeks of daily snapshots,dlm:managed,true
Created for policy: policy-0a56edde1220152f1 schedule: 2 weeks of daily snapshots,false,086685601027,100%,snap-0e7add8e5a5349410,2022-01-09T00:18:38.608Z,completed,vol-0fed115fd2f23a465,30,standard,,CreatedBy,terraform,aws:dlm:lifecycle-schedule-name,2 weeks of daily snapshots,dlm:managed,true,MaintainedBY,DevOps,spotinst:aws:ec2:group:createdBy,spotinst,Name,prometheus,SnapshotCreator,DLM,aws:dlm:lifecycle-policy-id,policy-0a56edde1220152f1,Snapshot,true
Created for policy: policy-0a56edde1220152f1 schedule: 2 weeks of daily snapshots,false,086685601027,100%,snap-08fa24c43d28ab87e,2022-01-08T00:24:32.975Z,completed,vol-0c5405fa9f61a54e5,30,standard,,spotinst:aws:ec2:group:createdBy,spotinst,aws:dlm:lifecycle-schedule-name,2 weeks of daily snapshots,dlm:managed,true,CreatedBy,terraform,aws:dlm:lifecycle-policy-id,policy-0a56edde1220152f1,Snapshot,true,SnapshotCreator,DLM,Name,node-exporter,MaintainedBY,DevOps
Created for policy: policy-0a56edde1220152f1 schedule: 2 weeks of daily snapshots,false,086685601027,100%,snap-0952cfa96542e3e54,2022-01-08T00:24:32.271Z,completed,vol-0171bb49bb958f568,30,standard,,aws:dlm:lifecycle-policy-id,policy-0a56edde1220152f1,spotinst:aws:ec2:group:createdBy,spotinst,SnapshotCreator,DLM,CreatedBy,terraform,MaintainedBY,DevOps,Snapshot,true,dlm:managed,true,Name,sonarqube,aws:dlm:lifecycle-schedule-name,2 weeks of daily snapshots
Created for policy: policy-0a56edde1220152f1 schedule: 2 weeks of daily snapshots,false,086685601027,100%,snap-0ac73aa18517a79d5,2022-01-07T00:12:38.407Z,completed,vol-0c5405fa9f61a54e5,30,standard,,SnapshotCreator,DLM,Snapshot,true,MaintainedBY,DevOps,CreatedBy,terraform,spotinst:aws:ec2:group:createdBy,spotinst,aws:dlm:lifecycle-policy-id,policy-0a56edde1220152f1,Name,node-exporter,aws:dlm:lifecycle-schedule-name,2 weeks of daily snapshots,dlm:managed,true
Created for policy: policy-0a56edde1220152f1 schedule: 2 weeks of daily snapshots,false,086685601027,100%,snap-08fa378abedf67bb4,2022-01-06T00:18:01.935Z,completed,vol-0fed115fd2f23a465,30,standard,,CreatedBy,terraform,aws:dlm:lifecycle-schedule-name,2 weeks of daily snapshots,dlm:managed,true,spotinst:aws:ec2:group:createdBy,spotinst,MaintainedBY,DevOps,Name,prometheus,Snapshot,true,SnapshotCreator,DLM,aws:dlm:lifecycle-policy-id,policy-0a56edde1220152f1
Created for policy: policy-0a56edde1220152f1 schedule: 2 weeks of daily snapshots,false,086685601027,100%,snap-0629c679e81a193c9,2022-01-06T00:15:22.535Z,completed,vol-0c5405fa9f61a54e5,30,standard,,Snapshot,true,SnapshotCreator,DLM,dlm:managed,true,aws:dlm:lifecycle-policy-id,policy-0a56edde1220152f1,spotinst:aws:ec2:group:createdBy,spotinst,CreatedBy,terraform,aws:dlm:lifecycle-schedule-name,2 weeks of daily snapshots,Name,node-exporter,MaintainedBY,DevOps
Created for policy: policy-0a56edde1220152f1 schedule: 2 weeks of daily snapshots,false,086685601027,100%,snap-07313115de33f194a,2022-01-05T00:19:55.573Z,completed,vol-0c5405fa9f61a54e5,30,standard,,CreatedBy,terraform,Name,node-exporter,dlm:managed,true,aws:dlm:lifecycle-policy-id,policy-0a56edde1220152f1,Snapshot,true,SnapshotCreator,DLM,MaintainedBY,DevOps,spotinst:aws:ec2:group:createdBy,spotinst,aws:dlm:lifecycle-schedule-name,2 weeks of daily snapshots
Created for policy: policy-0a56edde1220152f1 schedule: 2 weeks of daily snapshots,false,086685601027,100%,snap-0c8545cc6557634f6,2022-01-05T00:19:54.915Z,completed,vol-0171bb49bb958f568,30,standard,,spotinst:aws:ec2:group:createdBy,spotinst,aws:dlm:lifecycle-schedule-name,2 weeks of daily snapshots,Name,sonarqube,SnapshotCreator,DLM,MaintainedBY,DevOps,Snapshot,true,dlm:managed,true,aws:dlm:lifecycle-policy-id,policy-0a56edde1220152f1,CreatedBy,terraform
Created for policy: policy-0a56edde1220152f1 schedule: 2 weeks of daily snapshots,false,086685601027,100%,snap-0829d604ab1469945,2022-01-04T00:19:52.007Z,completed,vol-0171bb49bb958f568,30,standard,,Snapshot,true,aws:dlm:lifecycle-policy-id,policy-0a56edde1220152f1,SnapshotCreator,DLM,CreatedBy,terraform,spotinst:aws:ec2:group:createdBy,spotinst,dlm:managed,true,MaintainedBY,DevOps,Name,sonarqube,aws:dlm:lifecycle-schedule-name,2 weeks of daily snapshots
Created for policy: policy-0a56edde1220152f1 schedule: 2 weeks of daily snapshots,false,086685601027,100%,snap-0c97c83c947b11c04,2022-01-03T00:19:52.430Z,completed,vol-0fed115fd2f23a465,30,standard,,aws:dlm:lifecycle-policy-id,policy-0a56edde1220152f1,spotinst:aws:ec2:group:createdBy,spotinst,Name,prometheus,Snapshot,true,MaintainedBY,DevOps,dlm:managed,true,aws:dlm:lifecycle-schedule-name,2 weeks of daily snapshots,CreatedBy,terraform,SnapshotCreator,DLM
Created for policy: policy-0a56edde1220152f1 schedule: 2 weeks of daily snapshots,false,086685601027,100%,snap-0230eb6ab9bf8be1d,2022-01-02T00:20:34.569Z,completed,vol-0fed115fd2f23a465,30,standard,,Name,prometheus,SnapshotCreator,DLM,aws:dlm:lifecycle-policy-id,policy-0a56edde1220152f1,dlm:managed,true,spotinst:aws:ec2:group:createdBy,spotinst,aws:dlm:lifecycle-schedule-name,2 weeks of daily snapshots,CreatedBy,terraform,MaintainedBY,DevOps,Snapshot,true
Created for policy: policy-0a56edde1220152f1 schedule: 2 weeks of daily snapshots,false,086685601027,100%,snap-020acb9fffbc245c8,2022-01-02T00:11:25.540Z,completed,vol-0c5405fa9f61a54e5,30,standard,,aws:dlm:lifecycle-policy-id,policy-0a56edde1220152f1,SnapshotCreator,DLM,Snapshot,true,Name,node-exporter,CreatedBy,terraform,dlm:managed,true,MaintainedBY,DevOps,spotinst:aws:ec2:group:createdBy,spotinst,aws:dlm:lifecycle-schedule-name,2 weeks of daily snapshots
Created for policy: policy-0a56edde1220152f1 schedule: 2 weeks of daily snapshots,false,086685601027,100%,snap-08ba7ae20fc33d26b,2021-12-31T00:17:13.847Z,completed,vol-0fed115fd2f23a465,30,standard,,aws:dlm:lifecycle-schedule-name,2 weeks of daily snapshots,spotinst:aws:ec2:group:createdBy,spotinst,dlm:managed,true,CreatedBy,terraform,SnapshotCreator,DLM,aws:dlm:lifecycle-policy-id,policy-0a56edde1220152f1,Name,prometheus,Snapshot,true,MaintainedBY,DevOps
Created for policy: policy-0a56edde1220152f1 schedule: 2 weeks of daily snapshots,false,086685601027,100%,snap-019813ce50daec53a,2021-12-31T00:10:38.692Z,completed,vol-0c5405fa9f61a54e5,30,standard,,aws:dlm:lifecycle-policy-id,policy-0a56edde1220152f1,MaintainedBY,DevOps,Snapshot,true,Name,node-exporter,aws:dlm:lifecycle-schedule-name,2 weeks of daily snapshots,CreatedBy,terraform,spotinst:aws:ec2:group:createdBy,spotinst,SnapshotCreator,DLM,dlm:managed,true
Created for policy: policy-0a56edde1220152f1 schedule: 2 weeks of daily snapshots,false,086685601027,100%,snap-02a90d0e9e7b48036,2021-12-12T00:22:46.772Z,completed,vol-00bfbde266edc1314,30,standard,,SnapshotCreator,DLM,aws:dlm:lifecycle-policy-id,policy-0a56edde1220152f1,spotinst:aws:ec2:group:createdBy,spotinst,dlm:managed,true,CreatedBy,terraform,aws:dlm:lifecycle-schedule-name,2 weeks of daily snapshots,Name,node-exporter,MaintainedBY,DevOps,Snapshot,true
Created for policy: policy-0a56edde1220152f1 schedule: 2 weeks of daily snapshots,false,086685601027,100%,snap-0c6504ea86fa139a2,2021-12-11T00:14:06.087Z,completed,vol-00bfbde266edc1314,30,standard,,CreatedBy,terraform,spotinst:aws:ec2:group:createdBy,spotinst,aws:dlm:lifecycle-schedule-name,2 weeks of daily snapshots,Name,node-exporter,Snapshot,true,MaintainedBY,DevOps,aws:dlm:lifecycle-policy-id,policy-0a56edde1220152f1,dlm:managed,true,SnapshotCreator,DLM
Created for policy: policy-0a56edde1220152f1 schedule: 2 weeks of daily snapshots,false,086685601027,100%,snap-0419057fc4bf9f938,2021-12-10T00:11:11.657Z,completed,vol-00bfbde266edc1314,30,standard,,SnapshotCreator,DLM,Snapshot,true,CreatedBy,terraform,dlm:managed,true,aws:dlm:lifecycle-policy-id,policy-0a56edde1220152f1,spotinst:aws:ec2:group:createdBy,spotinst,Name,node-exporter,aws:dlm:lifecycle-schedule-name,2 weeks of daily snapshots,MaintainedBY,DevOps
,false,086685601027,100%,snap-0f99571f0e7c41907,2022-02-14T12:04:59.328Z,completed,vol-00dcb53a629498f2f,8,standard,,CreatedBy,terraform,Name,sonarqube,spotinst:accountId,act-bf1b8e33,spotinst:aws:ec2:group:id,sig-4b5568f6,MaintainedBY,DevOps,Snapshot,true,spotinst:aws:ec2:group:createdBy,spotinst,,,,
,false,086685601027,100%,snap-09db66466dd66fb68,2022-02-14T12:10:01.443Z,completed,vol-00dcb53a629498f2f,8,standard,,CreatedBy,terraform,spotinst:accountId,act-bf1b8e33,spotinst:aws:ec2:group:id,sig-4b5568f6,Snapshot,true,Name,sonarqube,MaintainedBY,DevOps,spotinst:aws:ec2:group:createdBy,spotinst,,,,
Created for policy: policy-0a56edde1220152f1 schedule: 2 weeks of daily snapshots,false,086685601027,100%,snap-01cd8fa82b7f6738c,2022-02-14T00:16:02.683Z,completed,vol-0e7eb32cfb99cf1e2,30,standard,,aws:dlm:lifecycle-policy-id,policy-0a56edde1220152f1,spotinst:aws:ec2:group:createdBy,spotinst,CreatedBy,terraform,SnapshotCreator,DLM,Name,jenkins-master-test,dlm:managed,true,aws:dlm:lifecycle-schedule-name,2 weeks of daily snapshots,Snapshot,true,MaintainedBY,DevOps
Created for policy: policy-0a56edde1220152f1 schedule: 2 weeks of daily snapshots,false,086685601027,100%,snap-0552dcfcecea57469,2022-02-13T00:17:44.937Z,completed,vol-0e7eb32cfb99cf1e2,30,standard,,spotinst:aws:ec2:group:createdBy,spotinst,aws:dlm:lifecycle-policy-id,policy-0a56edde1220152f1,aws:dlm:lifecycle-schedule-name,2 weeks of daily snapshots,MaintainedBY,DevOps,SnapshotCreator,DLM,Snapshot,true,dlm:managed,true,CreatedBy,terraform,Name,jenkins-master-test
sonarqube-argocd-snapshot,false,086685601027,100%,snap-042a64f243487e913,2022-02-12T16:30:27.191Z,completed,vol-00dcb53a629498f2f,8,standard,,Name,sonarqube-argocd-snapshot,,,,,,,,,,,,,,,,
,false,086685601027,100%,snap-0bf41fadf3443e516,2022-02-12T02:53:57.682Z,completed,vol-00dcb53a629498f2f,8,standard,,Snapshot,true,MaintainedBY,DevOps,Name,sonarqube,spotinst:aws:ec2:group:createdBy,spotinst,CreatedBy,terraform,spotinst:accountId,act-bf1b8e33,spotinst:aws:ec2:group:id,sig-4b5568f6,,,,
Created for policy: policy-0a56edde1220152f1 schedule: 2 weeks of daily snapshots,false,086685601027,100%,snap-09d09f249608c2977,2022-02-12T00:21:54.614Z,completed,vol-0e7eb32cfb99cf1e2,30,standard,,Name,jenkins-master-test,dlm:managed,true,MaintainedBY,DevOps,SnapshotCreator,DLM,aws:dlm:lifecycle-schedule-name,2 weeks of daily snapshots,spotinst:aws:ec2:group:createdBy,spotinst,aws:dlm:lifecycle-policy-id,policy-0a56edde1220152f1,CreatedBy,terraform,Snapshot,true
Created for policy: policy-0a56edde1220152f1 schedule: 2 weeks of daily snapshots,false,086685601027,100%,snap-03d3e604597611b86,2022-02-11T00:19:33.761Z,completed,vol-0e7eb32cfb99cf1e2,30,standard,,aws:dlm:lifecycle-schedule-name,2 weeks of daily snapshots,CreatedBy,terraform,dlm:managed,true,Name,jenkins-master-test,Snapshot,true,MaintainedBY,DevOps,spotinst:aws:ec2:group:createdBy,spotinst,aws:dlm:lifecycle-policy-id,policy-0a56edde1220152f1,SnapshotCreator,DLM
Created for policy: policy-0a56edde1220152f1 schedule: 2 weeks of daily snapshots,false,086685601027,100%,snap-0b4b43204102fcc4e,2022-02-10T00:24:20.641Z,completed,vol-0e7eb32cfb99cf1e2,30,standard,,dlm:managed,true,Name,jenkins-master-test,aws:dlm:lifecycle-schedule-name,2 weeks of daily snapshots,CreatedBy,terraform,SnapshotCreator,DLM,aws:dlm:lifecycle-policy-id,policy-0a56edde1220152f1,spotinst:aws:ec2:group:createdBy,spotinst,Snapshot,true,MaintainedBY,DevOps
Created for policy: policy-0a56edde1220152f1 schedule: 2 weeks of daily snapshots,false,086685601027,100%,snap-04d03ff7b1a0e1dca,2022-02-09T00:23:39.324Z,completed,vol-0e7eb32cfb99cf1e2,30,standard,,spotinst:aws:ec2:group:createdBy,spotinst,aws:dlm:lifecycle-schedule-name,2 weeks of daily snapshots,MaintainedBY,DevOps,Name,jenkins-master-test,Snapshot,true,dlm:managed,true,CreatedBy,terraform,SnapshotCreator,DLM,aws:dlm:lifecycle-policy-id,policy-0a56edde1220152f1
Created for policy: policy-0a56edde1220152f1 schedule: 2 weeks of daily snapshots,false,086685601027,100%,snap-0b520c6da14653758,2022-02-08T00:17:17.676Z,completed,vol-0e7eb32cfb99cf1e2,30,standard,,Snapshot,true,MaintainedBY,DevOps,aws:dlm:lifecycle-schedule-name,2 weeks of daily snapshots,spotinst:aws:ec2:group:createdBy,spotinst,dlm:managed,true,Name,jenkins-master-test,aws:dlm:lifecycle-policy-id,policy-0a56edde1220152f1,SnapshotCreator,DLM,CreatedBy,terraform
Created for policy: policy-0a56edde1220152f1 schedule: 2 weeks of daily snapshots,false,086685601027,100%,snap-0a8abe991ec637793,2022-02-07T00:22:12.793Z,completed,vol-0e7eb32cfb99cf1e2,30,standard,,Snapshot,true,aws:dlm:lifecycle-schedule-name,2 weeks of daily snapshots,MaintainedBY,DevOps,spotinst:aws:ec2:group:createdBy,spotinst,dlm:managed,true,Name,jenkins-master-test,CreatedBy,terraform,SnapshotCreator,DLM,aws:dlm:lifecycle-policy-id,policy-0a56edde1220152f1
Created for policy: policy-0a56edde1220152f1 schedule: 2 weeks of daily snapshots,false,086685601027,100%,snap-04abcf15bca28af51,2022-02-06T00:20:41.121Z,completed,vol-0e7eb32cfb99cf1e2,30,standard,,CreatedBy,terraform,dlm:managed,true,SnapshotCreator,DLM,aws:dlm:lifecycle-policy-id,policy-0a56edde1220152f1,Name,jenkins-master-test,Snapshot,true,MaintainedBY,DevOps,spotinst:aws:ec2:group:createdBy,spotinst,aws:dlm:lifecycle-schedule-name,2 weeks of daily snapshots
Created for policy: policy-0a56edde1220152f1 schedule: 2 weeks of daily snapshots,false,086685601027,100%,snap-0fa6ff1e5f0c0b0c1,2022-02-05T00:23:47.095Z,completed,vol-0e7eb32cfb99cf1e2,30,standard,,MaintainedBY,DevOps,Snapshot,true,SnapshotCreator,DLM,dlm:managed,true,aws:dlm:lifecycle-schedule-name,2 weeks of daily snapshots,aws:dlm:lifecycle-policy-id,policy-0a56edde1220152f1,spotinst:aws:ec2:group:createdBy,spotinst,CreatedBy,terraform,Name,jenkins-master-test
Created for policy: policy-0a56edde1220152f1 schedule: 2 weeks of daily snapshots,false,086685601027,100%,snap-0d928e62ab439afa8,2022-02-04T00:15:28.880Z,completed,vol-0e7eb32cfb99cf1e2,30,standard,,aws:dlm:lifecycle-policy-id,policy-0a56edde1220152f1,spotinst:aws:ec2:group:createdBy,spotinst,CreatedBy,terraform,SnapshotCreator,DLM,dlm:managed,true,MaintainedBY,DevOps,Name,jenkins-master-test,aws:dlm:lifecycle-schedule-name,2 weeks of daily snapshots,Snapshot,true
Created for policy: policy-0a56edde1220152f1 schedule: 2 weeks of daily snapshots,false,086685601027,100%,snap-0cb22e88e287777e7,2022-02-03T00:11:15.759Z,completed,vol-0e7eb32cfb99cf1e2,30,standard,,dlm:managed,true,Name,jenkins-master-test,aws:dlm:lifecycle-schedule-name,2 weeks of daily snapshots,Snapshot,true,MaintainedBY,DevOps,spotinst:aws:ec2:group:createdBy,spotinst,CreatedBy,terraform,SnapshotCreator,DLM,aws:dlm:lifecycle-policy-id,policy-0a56edde1220152f1
sonarqube-ss-test,false,086685601027,100%,snap-0c5e16371753cca50,2022-02-02T12:36:34.790Z,completed,vol-00dcb53a629498f2f,8,standard,,Name,sonarqube-ss-test,,,,,,,,,,,,,,,,
Created for policy: policy-0a56edde1220152f1 schedule: 2 weeks of daily snapshots,false,086685601027,100%,snap-0fcad9428f4d06532,2022-02-02T00:13:19.210Z,completed,vol-0e7eb32cfb99cf1e2,30,standard,,CreatedBy,terraform,aws:dlm:lifecycle-schedule-name,2 weeks of daily snapshots,Name,jenkins-master-test,SnapshotCreator,DLM,aws:dlm:lifecycle-policy-id,policy-0a56edde1220152f1,spotinst:aws:ec2:group:createdBy,spotinst,dlm:managed,true,MaintainedBY,DevOps,Snapshot,true
Created for policy: policy-0a56edde1220152f1 schedule: 2 weeks of daily snapshots,false,086685601027,100%,snap-05ddd5210d6d35c11,2022-02-01T00:16:59.457Z,completed,vol-0e7eb32cfb99cf1e2,30,standard,,spotinst:aws:ec2:group:createdBy,spotinst,aws:dlm:lifecycle-policy-id,policy-0a56edde1220152f1,CreatedBy,terraform,Name,jenkins-master-test,Snapshot,true,MaintainedBY,DevOps,SnapshotCreator,DLM,aws:dlm:lifecycle-schedule-name,2 weeks of daily snapshots,dlm:managed,true
349770967735,false,086685601027,100%,snap-083b20417fee0d73a,2022-01-27T15:49:00.119Z,completed,vol-ffffffff,8,standard,,,,,,,,,,,,,,,,,,,
Created for policy: policy-0a56edde1220152f1 schedule: 2 weeks of daily snapshots,false,086685601027,100%,snap-03d44f9f6a04d1af4,2021-12-16T00:23:21.379Z,completed,vol-0174afce0595d729f,30,standard,,dlm:managed,true,CreatedBy,terraform,MaintainedBY,DevOps,Name,node-exporter,SnapshotCreator,DLM,aws:dlm:lifecycle-schedule-name,2 weeks of daily snapshots,spotinst:aws:ec2:group:createdBy,spotinst,aws:dlm:lifecycle-policy-id,policy-0a56edde1220152f1,Snapshot,true
Created for policy: policy-0a56edde1220152f1 schedule: 2 weeks of daily snapshots,false,086685601027,100%,snap-09797f60ef80d4f38,2021-12-15T00:20:49.168Z,completed,vol-0174afce0595d729f,30,standard,,SnapshotCreator,DLM,spotinst:aws:ec2:group:createdBy,spotinst,aws:dlm:lifecycle-policy-id,policy-0a56edde1220152f1,dlm:managed,true,CreatedBy,terraform,Name,node-exporter,aws:dlm:lifecycle-schedule-name,2 weeks of daily snapshots,Snapshot,true,MaintainedBY,DevOps
created by script,false,086685601027,100%,snap-016a586d9125de38f,2021-12-07T14:30:24.287Z,completed,vol-0ae3ed8a604006501,300,standard,,Name,jenkins-master-test,,,,,,,,,,,,,,,,
created by script,false,086685601027,100%,snap-0d1df39db7e230837,2021-12-07T08:41:59.354Z,completed,vol-0ae3ed8a604006501,300,standard,,Name,jenkins-master-test,,,,,,,,,,,,,,,,
