Snapshots/Description,Snapshots/Encrypted,Snapshots/OwnerId,Snapshots/Progress,Snapshots/SnapshotId,Snapshots/StartTime,Snapshots/State,Snapshots/VolumeId,Snapshots/VolumeSize,Snapshots/Tags/0/Key,Snapshots/Tags/0/Value,Snapshots/Tags/1/Key,Snapshots/Tags/1/Value,Snapshots/Tags/2/Key,Snapshots/Tags/2/Value,Snapshots/Tags/3/Key,Snapshots/Tags/3/Value,Snapshots/Tags/4/Key,Snapshots/Tags/4/Value,Snapshots/Tags/5/Key,Snapshots/Tags/5/Value,Snapshots/Tags/6/Key,Snapshots/Tags/6/Value,Snapshots/StorageTier,Snapshots/Tags/7/Key,Snapshots/Tags/7/Value,Snapshots/Tags/8/Key,Snapshots/Tags/8/Value,Snapshots/KmsKeyId
,false,874747637540,100%,snap-06e74bd8a694c396e,2022-02-16T11:35:12.737Z,completed,vol-0a741f15f12eae241,500,Snapshot,true,spotinst:accountId,act-f0a7c0de,spotinst:aws:ec2:group:id,sig-9052dbd1,CreatedBy,terraform,Name,artifactory,spotinst:aws:ec2:group:createdBy,spotinst,MaintainedBY,DevOps,standard,,,,,
,false,874747637540,100%,snap-05d00db9ef06f46df,2022-02-16T11:25:11.559Z,completed,vol-0a741f15f12eae241,500,spotinst:aws:ec2:group:createdBy,spotinst,CreatedBy,terraform,spotinst:aws:ec2:group:id,sig-9052dbd1,spotinst:accountId,act-f0a7c0de,Snapshot,true,MaintainedBY,DevOps,Name,artifactory,standard,,,,,
created by script,false,874747637540,100%,snap-0c9e99c24d03d6131,2022-01-28T14:46:22.611Z,completed,vol-0a741f15f12eae241,500,Name,artifactory,,,,,,,,,,,,,standard,,,,,
,false,874747637540,100%,snap-02cc5f1f49c18aff9,2022-01-28T14:56:12.907Z,completed,vol-0a741f15f12eae241,500,spotinst:aws:ec2:group:createdBy,spotinst,MaintainedBY,DevOps,Name,artifactory,Snapshot,true,spotinst:accountId,act-f0a7c0de,spotinst:aws:ec2:group:id,sig-9052dbd1,CreatedBy,terraform,standard,,,,,
created by script,false,874747637540,100%,snap-0f8020b32c76bcde3,2022-01-11T08:08:15.086Z,completed,vol-0a741f15f12eae241,500,Name,artifactory,,,,,,,,,,,,,standard,,,,,
created by script,false,874747637540,100%,snap-0108113246eeff374,2021-12-06T16:17:15.982Z,completed,vol-0a741f15f12eae241,500,Name,artifactory,,,,,,,,,,,,,standard,,,,,
created by script,false,874747637540,100%,snap-01851a8217fb8f291,2021-11-18T15:23:53.532Z,completed,vol-0a741f15f12eae241,500,Name,artifactory,,,,,,,,,,,,,standard,,,,,
created by script,false,874747637540,100%,snap-00d1fdb0449bf8823,2021-11-08T12:37:04.737Z,completed,vol-0a741f15f12eae241,500,Name,artifactory,,,,,,,,,,,,,standard,,,,,
created by script,false,874747637540,100%,snap-0d7c167e993ddeb76,2021-09-29T12:04:41.700Z,completed,vol-0a741f15f12eae241,500,Name,artifactory,,,,,,,,,,,,,standard,,,,,
created by script,false,874747637540,100%,snap-0583641777ddad532,2021-09-06T10:57:32.971Z,completed,vol-0a741f15f12eae241,500,Name,artifactory,,,,,,,,,,,,,standard,,,,,
created by script,false,874747637540,100%,snap-090c1d6b08d7b98ce,2021-06-30T14:15:05.510Z,completed,vol-0a741f15f12eae241,500,Name,artifactory,,,,,,,,,,,,,standard,,,,,
created by script,false,874747637540,100%,snap-06153624b5a89f520,2021-04-27T10:07:19.292Z,completed,vol-0a741f15f12eae241,500,Name,artifactory,,,,,,,,,,,,,standard,,,,,
,false,874747637540,100%,snap-0ba186ed2938f9246,2019-12-19T09:44:38.098Z,completed,vol-074e7ad72383c9822,500,spotinst:aws:ec2:group:createdBy,spotinst,spotinst:aws:ec2:group:id,sig-ef74aaee,spotinst:accountId,act-f0a7c0de,,,,,,,,,standard,,,,,
,false,874747637540,100%,snap-0d2c72f4f1ac1f020,2019-12-19T09:34:37.860Z,completed,vol-074e7ad72383c9822,500,spotinst:aws:ec2:group:id,sig-ef74aaee,spotinst:accountId,act-f0a7c0de,spotinst:aws:ec2:group:createdBy,spotinst,,,,,,,,,standard,,,,,
,false,874747637540,100%,snap-01ca8be0b63d6e70d,2019-12-11T09:44:37.935Z,completed,vol-04aa1446c2996d45f,500,spotinst:aws:ec2:group:createdBy,spotinst,spotinst:aws:ec2:group:id,sig-f0361ba5,spotinst:accountId,act-f0a7c0de,,,,,,,,,standard,,,,,
,false,874747637540,100%,snap-04724bd92f591ae68,2019-12-11T09:54:42.178Z,completed,vol-04aa1446c2996d45f,500,spotinst:accountId,act-f0a7c0de,spotinst:aws:ec2:group:createdBy,spotinst,spotinst:aws:ec2:group:id,sig-f0361ba5,,,,,,,,,standard,,,,,
,false,874747637540,100%,snap-0e13ba01d216410ac,2019-11-28T14:38:43.476Z,completed,vol-04aa1446c2996d45f,500,spotinst:accountId,act-f0a7c0de,MaintainedBY,DevOps,spotinst:aws:ec2:group:id,sig-f0361ba5,spotinst:aws:ec2:group:createdBy,spotinst,CreatedBy,terraform,,,,,standard,,,,,
,false,874747637540,100%,snap-0195295829e67d4ac,2022-02-16T11:25:10.972Z,completed,vol-07906cc5d6edbf0fa,300,MaintainedBY,DevOps,Name,influxdb,CreatedBy,terraform,spotinst:accountId,act-f0a7c0de,spotinst:aws:ec2:group:createdBy,spotinst,spotinst:aws:ec2:group:id,sig-e59fc746,,,standard,,,,,
Created for policy: policy-0f5647a4cf65c7ffe schedule: 2 weeks of daily snapshots,false,874747637540,100%,snap-069cbd1cc5da7d0ab,2022-02-15T00:12:54.019Z,completed,vol-0a07bed975c59e23a,30,CreatedBy,terraform,Name,jenkins-master,aws:dlm:lifecycle-policy-id,policy-0f5647a4cf65c7ffe,spotinst:aws:ec2:group:createdBy,spotinst,aws:dlm:lifecycle-schedule-name,2 weeks of daily snapshots,dlm:managed,true,SnapshotCreator,DLM,standard,Snapshot,true,MaintainedBY,DevOps,
Created for policy: policy-0f5647a4cf65c7ffe schedule: 2 weeks of daily snapshots,false,874747637540,100%,snap-0a7e197ea2059e698,2022-02-14T00:18:19.353Z,completed,vol-013405516d94e0b8a,30,spotinst:aws:ec2:group:createdBy,spotinst,dlm:managed,true,Name,artifactory,aws:dlm:lifecycle-schedule-name,2 weeks of daily snapshots,aws:dlm:lifecycle-policy-id,policy-0f5647a4cf65c7ffe,Snapshot,true,SnapshotCreator,DLM,standard,MaintainedBY,DevOps,CreatedBy,terraform,
Created for policy: policy-0f5647a4cf65c7ffe schedule: 2 weeks of daily snapshots,false,874747637540,100%,snap-0a6440b49216323c0,2022-02-13T00:16:55.189Z,completed,vol-0a07bed975c59e23a,30,Snapshot,true,Name,jenkins-master,SnapshotCreator,DLM,CreatedBy,terraform,aws:dlm:lifecycle-schedule-name,2 weeks of daily snapshots,dlm:managed,true,spotinst:aws:ec2:group:createdBy,spotinst,standard,MaintainedBY,DevOps,aws:dlm:lifecycle-policy-id,policy-0f5647a4cf65c7ffe,
Created for policy: policy-0f5647a4cf65c7ffe schedule: 2 weeks of daily snapshots,false,874747637540,100%,snap-0551556b6d881c40d,2022-02-12T00:18:36.112Z,completed,vol-0a07bed975c59e23a,30,MaintainedBY,DevOps,SnapshotCreator,DLM,aws:dlm:lifecycle-schedule-name,2 weeks of daily snapshots,CreatedBy,terraform,dlm:managed,true,spotinst:aws:ec2:group:createdBy,spotinst,aws:dlm:lifecycle-policy-id,policy-0f5647a4cf65c7ffe,standard,Name,jenkins-master,Snapshot,true,
Created for policy: policy-0f5647a4cf65c7ffe schedule: 2 weeks of daily snapshots,false,874747637540,100%,snap-0e51042fd906c148b,2022-02-12T00:18:36.424Z,completed,vol-013405516d94e0b8a,30,SnapshotCreator,DLM,spotinst:aws:ec2:group:createdBy,spotinst,aws:dlm:lifecycle-policy-id,policy-0f5647a4cf65c7ffe,CreatedBy,terraform,Name,artifactory,aws:dlm:lifecycle-schedule-name,2 weeks of daily snapshots,dlm:managed,true,standard,MaintainedBY,DevOps,Snapshot,true,
Created for policy: policy-0f5647a4cf65c7ffe schedule: 2 weeks of daily snapshots,false,874747637540,100%,snap-0ffe3f9c6c377232d,2022-02-11T00:09:41.630Z,completed,vol-013405516d94e0b8a,30,spotinst:aws:ec2:group:createdBy,spotinst,CreatedBy,terraform,aws:dlm:lifecycle-policy-id,policy-0f5647a4cf65c7ffe,aws:dlm:lifecycle-schedule-name,2 weeks of daily snapshots,dlm:managed,true,SnapshotCreator,DLM,MaintainedBY,DevOps,standard,Name,artifactory,Snapshot,true,
Created for policy: policy-0f5647a4cf65c7ffe schedule: 2 weeks of daily snapshots,false,874747637540,100%,snap-04f5b8e6db2247b77,2022-02-11T00:09:41.322Z,completed,vol-0a07bed975c59e23a,30,dlm:managed,true,aws:dlm:lifecycle-schedule-name,2 weeks of daily snapshots,Snapshot,true,aws:dlm:lifecycle-policy-id,policy-0f5647a4cf65c7ffe,MaintainedBY,DevOps,spotinst:aws:ec2:group:createdBy,spotinst,Name,jenkins-master,standard,SnapshotCreator,DLM,CreatedBy,terraform,
Created for policy: policy-0f5647a4cf65c7ffe schedule: 2 weeks of daily snapshots,false,874747637540,100%,snap-0b7af3906f5fbf107,2022-02-10T00:18:57.294Z,completed,vol-013405516d94e0b8a,30,MaintainedBY,DevOps,SnapshotCreator,DLM,CreatedBy,terraform,aws:dlm:lifecycle-schedule-name,2 weeks of daily snapshots,dlm:managed,true,spotinst:aws:ec2:group:createdBy,spotinst,aws:dlm:lifecycle-policy-id,policy-0f5647a4cf65c7ffe,standard,Name,artifactory,Snapshot,true,
Created for policy: policy-0f5647a4cf65c7ffe schedule: 2 weeks of daily snapshots,false,874747637540,100%,snap-083fcd99bacdee9d0,2022-02-09T00:21:17.073Z,completed,vol-0a07bed975c59e23a,30,CreatedBy,terraform,Name,jenkins-master,aws:dlm:lifecycle-policy-id,policy-0f5647a4cf65c7ffe,aws:dlm:lifecycle-schedule-name,2 weeks of daily snapshots,spotinst:aws:ec2:group:createdBy,spotinst,SnapshotCreator,DLM,dlm:managed,true,standard,MaintainedBY,DevOps,Snapshot,true,
Created for policy: policy-0f5647a4cf65c7ffe schedule: 2 weeks of daily snapshots,false,874747637540,100%,snap-0938b0772d5d40300,2022-02-08T00:17:11.663Z,completed,vol-013405516d94e0b8a,30,MaintainedBY,DevOps,SnapshotCreator,DLM,Name,artifactory,aws:dlm:lifecycle-schedule-name,2 weeks of daily snapshots,dlm:managed,true,spotinst:aws:ec2:group:createdBy,spotinst,aws:dlm:lifecycle-policy-id,policy-0f5647a4cf65c7ffe,standard,CreatedBy,terraform,Snapshot,true,
Created for policy: policy-0f5647a4cf65c7ffe schedule: 2 weeks of daily snapshots,false,874747637540,100%,snap-01de2b1c1f01d4a38,2022-02-07T00:22:05.424Z,completed,vol-013405516d94e0b8a,30,Snapshot,true,SnapshotCreator,DLM,dlm:managed,true,spotinst:aws:ec2:group:createdBy,spotinst,CreatedBy,terraform,Name,artifactory,aws:dlm:lifecycle-schedule-name,2 weeks of daily snapshots,standard,aws:dlm:lifecycle-policy-id,policy-0f5647a4cf65c7ffe,MaintainedBY,DevOps,
Created for policy: policy-0f5647a4cf65c7ffe schedule: 2 weeks of daily snapshots,false,874747637540,100%,snap-024a027ac1672f65e,2022-02-07T00:22:05.081Z,completed,vol-0a07bed975c59e23a,30,MaintainedBY,DevOps,Snapshot,true,dlm:managed,true,aws:dlm:lifecycle-schedule-name,2 weeks of daily snapshots,aws:dlm:lifecycle-policy-id,policy-0f5647a4cf65c7ffe,spotinst:aws:ec2:group:createdBy,spotinst,SnapshotCreator,DLM,standard,CreatedBy,terraform,Name,jenkins-master,
Created for policy: policy-0f5647a4cf65c7ffe schedule: 2 weeks of daily snapshots,false,874747637540,100%,snap-01a069a64d75cec5b,2022-02-03T00:08:34.415Z,completed,vol-0a07bed975c59e23a,30,CreatedBy,terraform,aws:dlm:lifecycle-schedule-name,2 weeks of daily snapshots,aws:dlm:lifecycle-policy-id,policy-0f5647a4cf65c7ffe,dlm:managed,true,spotinst:aws:ec2:group:createdBy,spotinst,SnapshotCreator,DLM,MaintainedBY,DevOps,standard,Name,jenkins-master,Snapshot,true,
,false,874747637540,100%,snap-03b3b11d508b733ec,2022-02-16T11:40:10.535Z,completed,vol-07906cc5d6edbf0fa,300,spotinst:aws:ec2:group:createdBy,spotinst,CreatedBy,terraform,Name,influxdb,MaintainedBY,DevOps,spotinst:aws:ec2:group:id,sig-e59fc746,spotinst:accountId,act-f0a7c0de,,,standard,,,,,
,false,874747637540,100%,snap-0a13d481fe4463249,2022-02-16T11:30:11.840Z,completed,vol-07906cc5d6edbf0fa,300,CreatedBy,terraform,spotinst:aws:ec2:group:createdBy,spotinst,spotinst:aws:ec2:group:id,sig-e59fc746,spotinst:accountId,act-f0a7c0de,MaintainedBY,DevOps,Name,influxdb,,,standard,,,,,
Created for policy: policy-0f5647a4cf65c7ffe schedule: 2 weeks of daily snapshots,false,874747637540,100%,snap-0311ac3470aad7251,2022-02-16T00:17:19.096Z,completed,vol-0a07bed975c59e23a,30,CreatedBy,terraform,aws:dlm:lifecycle-schedule-name,2 weeks of daily snapshots,aws:dlm:lifecycle-policy-id,policy-0f5647a4cf65c7ffe,MaintainedBY,DevOps,Name,jenkins-master,Snapshot,true,SnapshotCreator,DLM,standard,dlm:managed,true,spotinst:aws:ec2:group:createdBy,spotinst,
Created for policy: policy-0f5647a4cf65c7ffe schedule: 2 weeks of daily snapshots,false,874747637540,100%,snap-0ae8f90d072de6e38,2022-02-16T00:17:19.468Z,completed,vol-013405516d94e0b8a,30,aws:dlm:lifecycle-policy-id,policy-0f5647a4cf65c7ffe,spotinst:aws:ec2:group:createdBy,spotinst,aws:dlm:lifecycle-schedule-name,2 weeks of daily snapshots,MaintainedBY,DevOps,Name,artifactory,Snapshot,true,dlm:managed,true,standard,CreatedBy,terraform,SnapshotCreator,DLM,
Created for policy: policy-0f5647a4cf65c7ffe schedule: 2 weeks of daily snapshots,false,874747637540,100%,snap-0ef26070527eff841,2022-02-15T00:12:54.386Z,completed,vol-013405516d94e0b8a,30,Snapshot,true,SnapshotCreator,DLM,CreatedBy,terraform,aws:dlm:lifecycle-schedule-name,2 weeks of daily snapshots,dlm:managed,true,spotinst:aws:ec2:group:createdBy,spotinst,MaintainedBY,DevOps,standard,aws:dlm:lifecycle-policy-id,policy-0f5647a4cf65c7ffe,Name,artifactory,
Created for policy: policy-0f5647a4cf65c7ffe schedule: 2 weeks of daily snapshots,false,874747637540,100%,snap-0eb0707d7d6787c1b,2022-02-14T00:18:19.022Z,completed,vol-0a07bed975c59e23a,30,MaintainedBY,DevOps,SnapshotCreator,DLM,CreatedBy,terraform,Snapshot,true,Name,jenkins-master,aws:dlm:lifecycle-policy-id,policy-0f5647a4cf65c7ffe,aws:dlm:lifecycle-schedule-name,2 weeks of daily snapshots,standard,dlm:managed,true,spotinst:aws:ec2:group:createdBy,spotinst,
Created for policy: policy-0f5647a4cf65c7ffe schedule: 2 weeks of daily snapshots,false,874747637540,100%,snap-0edfbcc27969a6a9f,2022-02-13T00:16:55.646Z,completed,vol-013405516d94e0b8a,30,SnapshotCreator,DLM,spotinst:aws:ec2:group:createdBy,spotinst,dlm:managed,true,aws:dlm:lifecycle-schedule-name,2 weeks of daily snapshots,CreatedBy,terraform,Name,artifactory,aws:dlm:lifecycle-policy-id,policy-0f5647a4cf65c7ffe,standard,MaintainedBY,DevOps,Snapshot,true,
Created for policy: policy-0f5647a4cf65c7ffe schedule: 2 weeks of daily snapshots,false,874747637540,100%,snap-0a55ab0e11cba6e1c,2022-02-10T00:18:56.969Z,completed,vol-0a07bed975c59e23a,30,MaintainedBY,DevOps,Snapshot,true,dlm:managed,true,CreatedBy,terraform,SnapshotCreator,DLM,Name,jenkins-master,spotinst:aws:ec2:group:createdBy,spotinst,standard,aws:dlm:lifecycle-schedule-name,2 weeks of daily snapshots,aws:dlm:lifecycle-policy-id,policy-0f5647a4cf65c7ffe,
Created for policy: policy-0f5647a4cf65c7ffe schedule: 2 weeks of daily snapshots,false,874747637540,100%,snap-095e502cfc75896e8,2022-02-09T00:21:17.425Z,completed,vol-013405516d94e0b8a,30,Snapshot,true,Name,artifactory,aws:dlm:lifecycle-schedule-name,2 weeks of daily snapshots,MaintainedBY,DevOps,spotinst:aws:ec2:group:createdBy,spotinst,aws:dlm:lifecycle-policy-id,policy-0f5647a4cf65c7ffe,CreatedBy,terraform,standard,dlm:managed,true,SnapshotCreator,DLM,
Created for policy: policy-0f5647a4cf65c7ffe schedule: 2 weeks of daily snapshots,false,874747637540,100%,snap-0e9eba48fae20277b,2022-02-08T00:17:11.312Z,completed,vol-0a07bed975c59e23a,30,Name,jenkins-master,aws:dlm:lifecycle-schedule-name,2 weeks of daily snapshots,CreatedBy,terraform,aws:dlm:lifecycle-policy-id,policy-0f5647a4cf65c7ffe,MaintainedBY,DevOps,Snapshot,true,SnapshotCreator,DLM,standard,spotinst:aws:ec2:group:createdBy,spotinst,dlm:managed,true,
Created for policy: policy-0f5647a4cf65c7ffe schedule: 2 weeks of daily snapshots,false,874747637540,100%,snap-0681c2bee9ccb5bb0,2022-02-06T00:18:50.452Z,completed,vol-013405516d94e0b8a,30,spotinst:aws:ec2:group:createdBy,spotinst,aws:dlm:lifecycle-policy-id,policy-0f5647a4cf65c7ffe,CreatedBy,terraform,dlm:managed,true,SnapshotCreator,DLM,Snapshot,true,Name,artifactory,standard,aws:dlm:lifecycle-schedule-name,2 weeks of daily snapshots,MaintainedBY,DevOps,
Created for policy: policy-0f5647a4cf65c7ffe schedule: 2 weeks of daily snapshots,false,874747637540,100%,snap-0a5c9623e8756722b,2022-02-06T00:18:50.129Z,completed,vol-0a07bed975c59e23a,30,dlm:managed,true,aws:dlm:lifecycle-schedule-name,2 weeks of daily snapshots,CreatedBy,terraform,SnapshotCreator,DLM,Name,jenkins-master,spotinst:aws:ec2:group:createdBy,spotinst,Snapshot,true,standard,aws:dlm:lifecycle-policy-id,policy-0f5647a4cf65c7ffe,MaintainedBY,DevOps,
Created for policy: policy-0f5647a4cf65c7ffe schedule: 2 weeks of daily snapshots,false,874747637540,100%,snap-0f2477202672110a3,2022-02-05T00:17:11.201Z,completed,vol-0a07bed975c59e23a,30,Snapshot,true,dlm:managed,true,CreatedBy,terraform,SnapshotCreator,DLM,aws:dlm:lifecycle-policy-id,policy-0f5647a4cf65c7ffe,Name,jenkins-master,spotinst:aws:ec2:group:createdBy,spotinst,standard,aws:dlm:lifecycle-schedule-name,2 weeks of daily snapshots,MaintainedBY,DevOps,
Created for policy: policy-0f5647a4cf65c7ffe schedule: 2 weeks of daily snapshots,false,874747637540,100%,snap-0665bd565f962a86c,2022-02-05T00:17:11.577Z,completed,vol-013405516d94e0b8a,30,Snapshot,true,SnapshotCreator,DLM,Name,artifactory,MaintainedBY,DevOps,aws:dlm:lifecycle-policy-id,policy-0f5647a4cf65c7ffe,spotinst:aws:ec2:group:createdBy,spotinst,aws:dlm:lifecycle-schedule-name,2 weeks of daily snapshots,standard,dlm:managed,true,CreatedBy,terraform,
Created for policy: policy-0f5647a4cf65c7ffe schedule: 2 weeks of daily snapshots,false,874747637540,100%,snap-079f76d212f63c280,2022-02-04T00:21:50.591Z,completed,vol-013405516d94e0b8a,30,Snapshot,true,Name,artifactory,aws:dlm:lifecycle-schedule-name,2 weeks of daily snapshots,MaintainedBY,DevOps,spotinst:aws:ec2:group:createdBy,spotinst,aws:dlm:lifecycle-policy-id,policy-0f5647a4cf65c7ffe,CreatedBy,terraform,standard,dlm:managed,true,SnapshotCreator,DLM,
Created for policy: policy-0f5647a4cf65c7ffe schedule: 2 weeks of daily snapshots,false,874747637540,100%,snap-0b46f2bed280a80d6,2022-02-04T00:21:50.269Z,completed,vol-0a07bed975c59e23a,30,Snapshot,true,MaintainedBY,DevOps,aws:dlm:lifecycle-schedule-name,2 weeks of daily snapshots,aws:dlm:lifecycle-policy-id,policy-0f5647a4cf65c7ffe,spotinst:aws:ec2:group:createdBy,spotinst,dlm:managed,true,Name,jenkins-master,standard,SnapshotCreator,DLM,CreatedBy,terraform,
Created for policy: policy-0f5647a4cf65c7ffe schedule: 2 weeks of daily snapshots,false,874747637540,100%,snap-0c498a15b4b2f2613,2022-02-03T00:08:34.779Z,completed,vol-013405516d94e0b8a,30,MaintainedBY,DevOps,SnapshotCreator,DLM,Snapshot,true,dlm:managed,true,CreatedBy,terraform,spotinst:aws:ec2:group:createdBy,spotinst,Name,artifactory,standard,aws:dlm:lifecycle-policy-id,policy-0f5647a4cf65c7ffe,aws:dlm:lifecycle-schedule-name,2 weeks of daily snapshots,
,false,874747637540,100%,snap-0b635572d676cb7fd,2022-01-19T06:55:12.833Z,completed,vol-07906cc5d6edbf0fa,300,Name,influxdb,CreatedBy,terraform,spotinst:aws:ec2:group:id,sig-e59fc746,spotinst:aws:ec2:group:createdBy,spotinst,spotinst:accountId,act-f0a7c0de,MaintainedBY,DevOps,,,standard,,,,,
created by script,false,874747637540,100%,snap-0e42db0520fe4a04d,2022-01-13T05:44:39.084Z,completed,vol-0ad9c6e0d05b997ce,900,Name,jenkins-master,,,,,,,,,,,,,standard,,,,,
,false,874747637540,100%,snap-0366ce913b637aea8,2021-06-10T15:10:10.120Z,completed,vol-07eb7a08cdcb7cdb0,8,Name,node-exporter,MaintainedBY,DevOps,spotinst:accountId,act-f0a7c0de,spotinst:aws:ec2:group:id,sig-5a5b3484,spotinst:aws:ec2:group:createdBy,spotinst,CreatedBy,terraform,Snapshot,true,standard,,,,,
,false,874747637540,100%,snap-046b800b1af8f319c,2021-06-10T15:00:10.685Z,completed,vol-07eb7a08cdcb7cdb0,8,MaintainedBY,DevOps,Name,node-exporter,spotinst:accountId,act-f0a7c0de,spotinst:aws:ec2:group:createdBy,spotinst,spotinst:aws:ec2:group:id,sig-5a5b3484,CreatedBy,terraform,Snapshot,true,standard,,,,,
,false,874747637540,100%,snap-08b4ec9f683952d3b,2020-04-07T06:29:37.968Z,completed,vol-062bea2b46c00419d,300,Name,influxdb,spotinst:aws:ec2:group:id,sig-88a9e130,MaintainedBY,DevOps,CreatedBy,terraform,spotinst:accountId,act-f0a7c0de,spotinst:aws:ec2:group:createdBy,spotinst,,,standard,,,,,
,false,874747637540,100%,snap-0b1fcd7f262117671,2020-04-07T06:19:39.022Z,completed,vol-062bea2b46c00419d,300,Name,influxdb,CreatedBy,terraform,spotinst:aws:ec2:group:id,sig-88a9e130,MaintainedBY,DevOps,spotinst:aws:ec2:group:createdBy,spotinst,spotinst:accountId,act-f0a7c0de,,,standard,,,,,
,false,874747637540,100%,snap-091bf788582155f5f,2020-04-07T06:09:44.020Z,completed,vol-062bea2b46c00419d,300,spotinst:aws:ec2:group:createdBy,spotinst,spotinst:aws:ec2:group:id,sig-88a9e130,CreatedBy,terraform,spotinst:accountId,act-f0a7c0de,Name,influxdb,MaintainedBY,DevOps,,,standard,,,,,
,false,874747637540,100%,snap-0e56c55d4faddd1b1,2020-01-15T12:24:37.905Z,completed,vol-0c0a11fe40b4a3397,500,spotinst:aws:ec2:group:createdBy,spotinst,spotinst:accountId,act-f0a7c0de,spotinst:aws:ec2:group:id,sig-6ea030d4,,,,,,,,,standard,,,,,
,false,874747637540,100%,snap-06dab48c85ce76e37,2020-01-15T12:29:38.694Z,completed,vol-0c0a11fe40b4a3397,500,spotinst:aws:ec2:group:createdBy,spotinst,spotinst:aws:ec2:group:id,sig-6ea030d4,spotinst:accountId,act-f0a7c0de,,,,,,,,,standard,,,,,
,false,874747637540,100%,snap-008fce35593b5f44a,2022-02-16T11:35:11.571Z,completed,vol-0ad9c6e0d05b997ce,900,Snapshot,true,spotinst:accountId,act-f0a7c0de,MaintainedBY,DevOps,spotinst:aws:ec2:group:createdBy,spotinst,Name,jenkins-master,spotinst:aws:ec2:group:id,sig-d0e51e82,CreatedBy,terraform,standard,,,,,
,false,874747637540,100%,snap-0f8634c0698d2db91,2022-02-16T11:25:12.145Z,completed,vol-0ad9c6e0d05b997ce,900,Snapshot,true,spotinst:accountId,act-f0a7c0de,MaintainedBY,DevOps,Name,jenkins-master,spotinst:aws:ec2:group:id,sig-d0e51e82,CreatedBy,terraform,spotinst:aws:ec2:group:createdBy,spotinst,standard,,,,,
Created for policy: policy-0f5647a4cf65c7ffe schedule: 2 weeks of daily snapshots,false,874747637540,100%,snap-04dd53847e2de601d,2022-02-16T00:17:20.568Z,completed,vol-099b9a51d2951d538,30,CreatedBy,terraform,aws:dlm:lifecycle-schedule-name,2 weeks of daily snapshots,aws:dlm:lifecycle-policy-id,policy-0f5647a4cf65c7ffe,MaintainedBY,DevOps,Snapshot,true,Name,sonarqube,SnapshotCreator,DLM,standard,spotinst:aws:ec2:group:createdBy,spotinst,dlm:managed,true,
created by script,false,874747637540,100%,snap-02f6714d67d3e4f54,2022-01-31T07:43:38.036Z,completed,vol-0ad9c6e0d05b997ce,900,Name,jenkins-master,,,,,,,,,,,,,standard,,,,,
,false,874747637540,100%,snap-04f2bf616fbd18f6f,2022-01-20T15:50:13.365Z,completed,vol-045f789c0bb872a97,8,spotinst:aws:ec2:group:createdBy,spotinst,spotinst:aws:ec2:group:id,sig-5d6defff,spotinst:accountId,act-f0a7c0de,Snapshot,true,MaintainedBY,DevOps,Name,prometheus,CreatedBy,terraform,standard,,,,,
,false,874747637540,100%,snap-0eabd8b79a0e24b79,2022-01-20T15:40:14.604Z,completed,vol-045f789c0bb872a97,8,spotinst:accountId,act-f0a7c0de,spotinst:aws:ec2:group:createdBy,spotinst,MaintainedBY,DevOps,spotinst:aws:ec2:group:id,sig-5d6defff,CreatedBy,terraform,Name,prometheus,Snapshot,true,standard,,,,,
created by script,false,874747637540,100%,snap-04d29a8e8aa6eba65,2022-01-20T15:12:26.216Z,completed,vol-0ad9c6e0d05b997ce,900,Name,jenkins-master,,,,,,,,,,,,,standard,,,,,
,false,874747637540,100%,snap-08e63de0353393cff,2022-02-16T11:35:12.156Z,completed,vol-08859a3a575f54b3c,8,Snapshot,true,MaintainedBY,DevOps,CreatedBy,terraform,Name,sonarqube,spotinst:accountId,act-f0a7c0de,spotinst:aws:ec2:group:id,sig-94460431,spotinst:aws:ec2:group:createdBy,spotinst,standard,,,,,
,false,874747637540,100%,snap-06cd250617f645033,2022-02-16T11:25:12.727Z,completed,vol-08859a3a575f54b3c,8,MaintainedBY,DevOps,Name,sonarqube,Snapshot,true,spotinst:aws:ec2:group:id,sig-94460431,spotinst:accountId,act-f0a7c0de,spotinst:aws:ec2:group:createdBy,spotinst,CreatedBy,terraform,standard,,,,,
,false,874747637540,100%,snap-0b9c69ded4cdb32e6,2022-02-15T08:14:12.208Z,completed,vol-08859a3a575f54b3c,8,spotinst:aws:ec2:group:createdBy,spotinst,spotinst:aws:ec2:group:id,sig-94460431,CreatedBy,terraform,Snapshot,true,spotinst:accountId,act-f0a7c0de,MaintainedBY,DevOps,Name,sonarqube,standard,,,,,
created by script,false,874747637540,100%,snap-07afe313561ee0b4d,2022-02-11T14:36:17.318Z,completed,vol-08859a3a575f54b3c,8,Name,sonarqube,,,,,,,,,,,,,standard,,,,,
,false,874747637540,100%,snap-03735232877b194d4,2022-01-20T16:10:14.632Z,completed,vol-04cbb269556d326a0,8,spotinst:aws:ec2:group:createdBy,spotinst,CreatedBy,terraform,spotinst:aws:ec2:group:id,sig-7771f689,MaintainedBY,DevOps,spotinst:accountId,act-f0a7c0de,Name,node-exporter,Snapshot,true,standard,,,,,
,false,874747637540,100%,snap-0669cbbd87aa15ab4,2022-01-20T16:00:10.331Z,completed,vol-04cbb269556d326a0,8,spotinst:aws:ec2:group:createdBy,spotinst,MaintainedBY,DevOps,Name,node-exporter,spotinst:accountId,act-f0a7c0de,spotinst:aws:ec2:group:id,sig-7771f689,Snapshot,true,CreatedBy,terraform,standard,,,,,
,false,874747637540,100%,snap-0c4f74d0280b6117c,2022-01-20T15:50:16.823Z,completed,vol-04cbb269556d326a0,8,Name,node-exporter,CreatedBy,terraform,MaintainedBY,DevOps,Snapshot,true,spotinst:accountId,act-f0a7c0de,spotinst:aws:ec2:group:id,sig-7771f689,spotinst:aws:ec2:group:createdBy,spotinst,standard,,,,,
Temporary Snapshot of the non-working volume,false,874747637540,100%,snap-0170486b5ce08ee77,2021-11-11T06:47:22.819Z,completed,vol-0384e8a19000e4e72,900,,,,,,,,,,,,,,,standard,,,,,
created by script,false,874747637540,100%,snap-0e54e1b820db912cd,2021-11-10T07:18:14.677Z,completed,vol-0384e8a19000e4e72,900,Name,jenkins-master,,,,,,,,,,,,,standard,,,,,
,false,874747637540,100%,snap-081fec04360dc3327,2021-11-08T12:10:08.946Z,completed,vol-0492ecc6ed537fd4a,100,MaintainedBY,DevOps,Snapshot,true,Name,xray,spotinst:accountId,act-f0a7c0de,spotinst:aws:ec2:group:id,sig-2979e53a,spotinst:aws:ec2:group:createdBy,spotinst,CreatedBy,terraform,standard,,,,,
xray-final,false,874747637540,100%,snap-0d7de57632d805575,2021-11-08T12:09:08.168Z,completed,vol-0492ecc6ed537fd4a,100,,,,,,,,,,,,,,,standard,,,,,
,false,874747637540,100%,snap-02134dd10140f5149,2021-11-08T12:00:14.735Z,completed,vol-0492ecc6ed537fd4a,100,spotinst:aws:ec2:group:createdBy,spotinst,spotinst:aws:ec2:group:id,sig-2979e53a,CreatedBy,terraform,spotinst:accountId,act-f0a7c0de,Snapshot,true,MaintainedBY,DevOps,Name,xray,standard,,,,,
created by script,false,874747637540,100%,snap-0047cebf648e582a2,2021-09-06T11:18:28.582Z,completed,vol-0492ecc6ed537fd4a,100,Name,xray,,,,,,,,,,,,,standard,,,,,
,false,874747637540,100%,snap-0266d5591ffdddd79,2021-09-06T11:24:12.105Z,completed,vol-0492ecc6ed537fd4a,100,MaintainedBY,DevOps,Snapshot,true,CreatedBy,terraform,Name,xray,spotinst:aws:ec2:group:createdBy,spotinst,spotinst:aws:ec2:group:id,sig-2979e53a,spotinst:accountId,act-f0a7c0de,standard,,,,,
created by script,false,874747637540,100%,snap-0026aee3ced31e8bc,2021-07-06T11:26:34.787Z,completed,vol-0492ecc6ed537fd4a,100,Name,xray,,,,,,,,,,,,,standard,,,,,
created by script,false,874747637540,100%,snap-0aab0a2aa4a691515,2021-07-06T11:24:20.816Z,completed,vol-0492ecc6ed537fd4a,100,Name,xray,,,,,,,,,,,,,standard,,,,,
created by script,false,874747637540,100%,snap-01f30468e9411bf2d,2021-06-30T14:24:41.029Z,completed,vol-0492ecc6ed537fd4a,100,Name,xray,,,,,,,,,,,,,standard,,,,,
,false,874747637540,100%,snap-08da01cace788f4be,2021-06-15T16:40:08.468Z,completed,vol-041a2df7096f7d73b,8,Snapshot,true,MaintainedBY,DevOps,spotinst:accountId,act-f0a7c0de,spotinst:aws:ec2:group:createdBy,spotinst,CreatedBy,terraform,spotinst:aws:ec2:group:id,sig-dd82653d,Name,prometheus,standard,,,,,
,false,874747637540,100%,snap-04697314778654946,2021-06-15T16:30:10.199Z,completed,vol-041a2df7096f7d73b,8,spotinst:aws:ec2:group:createdBy,spotinst,CreatedBy,terraform,Snapshot,true,spotinst:accountId,act-f0a7c0de,spotinst:aws:ec2:group:id,sig-dd82653d,MaintainedBY,DevOps,Name,prometheus,standard,,,,,
